pre_test_note_1,,,,,
mass (g),20.0,,,,
position (cm),15.0,,,,
==================================================================
Time,Strain 1,Strain 11,Strain 2,Strain 3,Current Time
0.0,-0.001220703125,-0.001220703125,0.1312255859375,-0.09033203125,17:00:12.964278
0.0040160000000000196,-0.0030517578125,-0.0030517578125,0.133056640625,-0.0897216796875,17:00:12.965297
0.008035999999998822,-0.001220703125,-0.001220703125,0.133056640625,-0.0897216796875,17:00:12.965297
0.012051999999998841,-0.0018310546875,-0.0018310546875,0.133056640625,-0.0897216796875,17:00:12.966292
0.01607199999999942,-0.001220703125,-0.001220703125,0.1324462890625,-0.0909423828125,17:00:12.969344
0.02008799999999944,-0.001220703125,-0.001220703125,0.1312255859375,-0.0897216796875,17:00:12.970362
0.02410399999999946,-0.0018310546875,-0.0018310546875,0.1312255859375,-0.0909423828125,17:00:12.971355
0.02811599999999892,-0.00244140625,-0.00244140625,0.1324462890625,-0.0909423828125,17:00:12.971355
0.0321359999999995,-0.001220703125,-0.001220703125,0.1312255859375,-0.09033203125,17:00:12.971355
0.03615199999999952,-0.00244140625,-0.00244140625,0.133056640625,-0.089111328125,17:00:12.972354
0.04017599999999888,-0.0018310546875,-0.0018310546875,0.133056640625,-0.0897216796875,17:00:12.972354
0.044188000000000116,-0.00244140625,-0.00244140625,0.133056640625,-0.089111328125,17:00:12.973353
0.04820799999999892,-0.001220703125,-0.001220703125,0.1324462890625,-0.0897216796875,17:00:12.973353
0.0522279999999995,-0.0018310546875,-0.0018310546875,0.133056640625,-0.089111328125,17:00:12.973353
0.056248000000000076,-0.0018310546875,-0.0018310546875,0.1324462890625,-0.0897216796875,17:00:12.973353
0.06027199999999944,-0.0006103515625,-0.0006103515625,0.133056640625,-0.0897216796875,17:00:12.974352
0.06428799999999946,-0.0018310546875,-0.0018310546875,0.1318359375,-0.089111328125,17:00:12.974352
0.06829999999999892,-0.0018310546875,-0.0018310546875,0.133056640625,-0.0885009765625,17:00:12.975352
0.0723199999999995,-0.0006103515625,-0.0006103515625,0.1324462890625,-0.0897216796875,17:00:12.975352
0.07633199999999896,-0.001220703125,-0.001220703125,0.1336669921875,-0.0909423828125,17:00:12.975352
0.08034799999999898,-0.00244140625,-0.00244140625,0.1336669921875,-0.089111328125,17:00:12.975352
0.08436799999999955,-0.00244140625,-0.00244140625,0.1324462890625,-0.089111328125,17:00:12.976352
0.08837999999999901,-0.00244140625,-0.00244140625,0.1318359375,-0.0897216796875,17:00:12.976352
0.09240400000000015,-0.001220703125,-0.001220703125,0.1324462890625,-0.0897216796875,17:00:12.976352
0.09642000000000017,-0.00244140625,-0.00244140625,0.1324462890625,-0.089111328125,17:00:12.976352
0.10043999999999897,-0.0006103515625,-0.0006103515625,0.1318359375,-0.0897216796875,17:00:12.976352
0.10445999999999955,-0.00244140625,-0.00244140625,0.1324462890625,-0.0897216796875,17:00:12.976352
0.10848000000000013,-0.0018310546875,-0.0018310546875,0.1324462890625,-0.089111328125,17:00:12.977351
0.1125039999999995,-0.001220703125,-0.001220703125,0.1324462890625,-0.0885009765625,17:00:12.977351
0.11652400000000007,-0.0018310546875,-0.0018310546875,0.1324462890625,-0.09033203125,17:00:12.977351
0.12053599999999953,-0.00244140625,-0.00244140625,0.1324462890625,-0.089111328125,17:00:12.977351
0.1245599999999989,-0.001220703125,-0.001220703125,0.133056640625,-0.0897216796875,17:00:12.977351
0.12857200000000013,-0.0018310546875,-0.0018310546875,0.1324462890625,-0.089111328125,17:00:12.977351
0.13258800000000015,-0.0018310546875,-0.0018310546875,0.1324462890625,-0.09033203125,17:00:12.978351
0.13660400000000017,-0.0018310546875,-0.0018310546875,0.1318359375,-0.09033203125,17:00:12.978351
0.1406200000000002,-0.0030517578125,-0.0030517578125,0.1300048828125,-0.089111328125,17:00:12.978351
0.14463199999999965,-0.00244140625,-0.00244140625,0.133056640625,-0.089111328125,17:00:12.978351
0.14864799999999967,-0.0018310546875,-0.0018310546875,0.1318359375,-0.0897216796875,17:00:12.978351
0.1526639999999997,-0.001220703125,-0.001220703125,0.1336669921875,-0.0897216796875,17:00:12.978351
0.15668400000000027,-0.001220703125,-0.001220703125,0.1318359375,-0.0897216796875,17:00:12.978351
0.1607000000000003,-0.001220703125,-0.001220703125,0.133056640625,-0.09033203125,17:00:12.979352
0.1647280000000002,-0.0018310546875,-0.0018310546875,0.1324462890625,-0.0897216796875,17:00:12.979352
0.16874400000000023,-0.0018310546875,-0.0018310546875,0.1324462890625,-0.0897216796875,17:00:12.979352
0.17276000000000025,-0.003662109375,-0.003662109375,0.133056640625,-0.0897216796875,17:00:12.979352
0.1767839999999996,-0.0018310546875,-0.0018310546875,0.133056640625,-0.0897216796875,17:00:12.979352
0.18079999999999963,-0.0018310546875,-0.0018310546875,0.1318359375,-0.089111328125,17:00:12.979352
0.1848119999999991,-0.001220703125,-0.001220703125,0.1318359375,-0.0897216796875,17:00:12.979352
0.18883199999999967,-0.0018310546875,-0.0018310546875,0.1324462890625,-0.0897216796875,17:00:12.980351
0.19284399999999913,-0.001220703125,-0.001220703125,0.1336669921875,-0.089111328125,17:00:12.980351
0.19686800000000027,-0.00244140625,-0.00244140625,0.1324462890625,-0.089111328125,17:00:12.980351
0.20088400000000028,-0.001220703125,-0.001220703125,0.1324462890625,-0.0897216796875,17:00:12.980351
0.2049000000000003,-0.0006103515625,-0.0006103515625,0.1324462890625,-0.089111328125,17:00:12.980351
0.20891600000000032,-0.00244140625,-0.00244140625,0.1324462890625,-0.089111328125,17:00:12.980351
0.21293599999999913,-0.00244140625,-0.00244140625,0.1324462890625,-0.0897216796875,17:00:12.981351
0.21696000000000026,-0.001220703125,-0.001220703125,0.1318359375,-0.09033203125,17:00:12.981351
0.22097600000000028,-0.0006103515625,-0.0006103515625,0.1324462890625,-0.09033203125,17:00:12.981351
0.2249920000000003,-0.0018310546875,-0.0018310546875,0.1318359375,-0.0897216796875,17:00:12.981351
0.22900800000000032,-0.0018310546875,-0.0018310546875,0.1324462890625,-0.09033203125,17:00:12.981351
0.23302400000000034,-0.00244140625,-0.00244140625,0.1318359375,-0.09033203125,17:00:12.981351
0.23704000000000036,-0.00244140625,-0.00244140625,0.1324462890625,-0.0909423828125,17:00:12.981351
0.24106399999999972,-0.0018310546875,-0.0018310546875,0.1324462890625,-0.0909423828125,17:00:12.982351
0.24507599999999918,-0.0018310546875,-0.0018310546875,0.133056640625,-0.09033203125,17:00:12.982351
0.24908800000000042,-0.001220703125,-0.001220703125,0.1312255859375,-0.0897216796875,17:00:12.982351
0.2531079999999992,-0.001220703125,-0.001220703125,0.133056640625,-0.089111328125,17:00:12.982351
0.25712399999999924,-0.0006103515625,-0.0006103515625,0.1318359375,-0.09033203125,17:00:12.982351
0.26113999999999926,-0.0018310546875,-0.0018310546875,0.1336669921875,-0.0897216796875,17:00:12.982351
0.26515999999999984,-0.0018310546875,-0.0018310546875,0.1318359375,-0.0897216796875,17:00:12.983351
0.2691839999999992,-0.00244140625,-0.00244140625,0.133056640625,-0.0897216796875,17:00:12.983351
0.2732039999999998,-0.0018310546875,-0.0018310546875,0.1318359375,-0.089111328125,17:00:12.983351
0.27721599999999924,-0.001220703125,-0.001220703125,0.133056640625,-0.0897216796875,17:00:12.983351
0.2812400000000004,-0.0018310546875,-0.0018310546875,0.1318359375,-0.09033203125,17:00:12.983351
0.2852560000000004,-0.0018310546875,-0.0018310546875,0.1336669921875,-0.0885009765625,17:00:12.983351
0.28926799999999986,0.0,0.0,0.1318359375,-0.0909423828125,17:00:12.983351
0.29328800000000044,-0.0006103515625,-0.0006103515625,0.133056640625,-0.0897216796875,17:00:12.984351
0.2972999999999999,-0.0018310546875,-0.0018310546875,0.133056640625,-0.0909423828125,17:00:12.984351
0.3013159999999999,-0.0018310546875,-0.0018310546875,0.1318359375,-0.0909423828125,17:00:12.984351
0.30533199999999994,-0.0006103515625,-0.0006103515625,0.133056640625,-0.09033203125,17:00:12.984351
0.30934799999999996,-0.0006103515625,-0.0006103515625,0.1312255859375,-0.089111328125,17:00:12.984351
0.313364,-0.001220703125,-0.001220703125,0.1312255859375,-0.0885009765625,17:00:12.984351
0.3173839999999988,-0.0018310546875,-0.0018310546875,0.1324462890625,-0.09033203125,17:00:12.984351
0.3214079999999999,-0.0018310546875,-0.0018310546875,0.1318359375,-0.089111328125,17:00:12.985351
0.3254279999999987,-0.0018310546875,-0.0018310546875,0.1318359375,-0.0897216796875,17:00:12.985351
0.32943999999999996,-0.0018310546875,-0.0018310546875,0.133056640625,-0.089111328125,17:00:12.985351
0.3334639999999993,-0.0018310546875,-0.0018310546875,0.130615234375,-0.0897216796875,17:00:12.985351
0.33748800000000045,-0.001220703125,-0.001220703125,0.133056640625,-0.0897216796875,17:00:12.985351
0.3414999999999999,-0.001220703125,-0.001220703125,0.1318359375,-0.0909423828125,17:00:12.985351
0.3455199999999987,-0.001220703125,-0.001220703125,0.1336669921875,-0.0897216796875,17:00:12.985351
0.34954399999999985,-0.00244140625,-0.00244140625,0.1324462890625,-0.09033203125,17:00:12.986351
0.3535599999999999,-0.00244140625,-0.00244140625,0.1318359375,-0.089111328125,17:00:12.986351
0.3575759999999999,-0.0018310546875,-0.0018310546875,0.1324462890625,-0.0885009765625,17:00:12.986351
0.3615919999999999,-0.001220703125,-0.001220703125,0.1324462890625,-0.089111328125,17:00:12.986351
0.3656039999999994,-0.0018310546875,-0.0018310546875,0.1318359375,-0.089111328125,17:00:12.986351
0.36962399999999995,-0.00244140625,-0.00244140625,0.1318359375,-0.09033203125,17:00:12.986351
0.3736479999999993,-0.0018310546875,-0.0018310546875,0.1312255859375,-0.0897216796875,17:00:12.987351
0.3776679999999999,-0.0018310546875,-0.0018310546875,0.133056640625,-0.09033203125,17:00:12.987351
0.38167999999999935,-0.0018310546875,-0.0018310546875,0.1324462890625,-0.0897216796875,17:00:12.987351
0.38569999999999993,-0.0018310546875,-0.0018310546875,0.133056640625,-0.089111328125,17:00:12.987351
0.3897119999999994,-0.001220703125,-0.001220703125,0.1318359375,-0.0897216796875,17:00:12.987351
0.3937279999999994,-0.001220703125,-0.001220703125,0.1324462890625,-0.0909423828125,17:00:12.987351
0.39774399999999943,-0.0006103515625,-0.0006103515625,0.1318359375,-0.0885009765625,17:00:12.987351
0.4017679999999988,-0.0018310546875,-0.0018310546875,0.1318359375,-0.0897216796875,17:00:12.988351
0.4057839999999988,-0.0006103515625,-0.0006103515625,0.1318359375,-0.0897216796875,17:00:12.988351
0.40979999999999883,-0.001220703125,-0.001220703125,0.1318359375,-0.0897216796875,17:00:12.988351
0.4138079999999995,-0.0006103515625,-0.0006103515625,0.1324462890625,-0.089111328125,17:00:12.988351
0.41782399999999953,-0.0018310546875,-0.0018310546875,0.1324462890625,-0.089111328125,17:00:12.988351
0.42183999999999955,-0.001220703125,-0.001220703125,0.1324462890625,-0.0897216796875,17:00:12.988351
0.42586799999999947,-0.0018310546875,-0.0018310546875,0.133056640625,-0.0897216796875,17:00:12.988351
0.42987999999999893,-0.0018310546875,-0.0018310546875,0.1324462890625,-0.09033203125,17:00:12.989351
0.43389200000000017,-0.0006103515625,-0.0006103515625,0.1336669921875,-0.0897216796875,17:00:12.989351
0.43791599999999953,-0.0018310546875,-0.0018310546875,0.1318359375,-0.09033203125,17:00:12.989351
0.441927999999999,-0.001220703125,-0.001220703125,0.1324462890625,-0.09033203125,17:00:12.989351
0.4459559999999989,-0.0030517578125,-0.0030517578125,0.133056640625,-0.09033203125,17:00:12.989351
0.4499759999999995,-0.0018310546875,-0.0018310546875,0.1318359375,-0.0897216796875,17:00:12.989351
0.4539919999999995,-0.0018310546875,-0.0018310546875,0.133056640625,-0.089111328125,17:00:12.989351
0.45800399999999897,-0.001220703125,-0.001220703125,0.1318359375,-0.0897216796875,17:00:12.990351
0.462019999999999,-0.0006103515625,-0.0006103515625,0.1324462890625,-0.09033203125,17:00:12.990351
0.4660320000000002,-0.0030517578125,-0.0030517578125,0.1318359375,-0.0909423828125,17:00:12.990351
0.47004800000000024,-0.0006103515625,-0.0006103515625,0.133056640625,-0.09033203125,17:00:12.990351
0.47406799999999905,-0.0018310546875,-0.0018310546875,0.1318359375,-0.0897216796875,17:00:12.990351
0.4780920000000002,-0.001220703125,-0.001220703125,0.1324462890625,-0.0909423828125,17:00:12.990351
0.4821080000000002,-0.0006103515625,-0.0006103515625,0.1318359375,-0.089111328125,17:00:12.990351
0.4861240000000002,-0.001220703125,-0.001220703125,0.1324462890625,-0.09033203125,17:00:12.991352
0.49014000000000024,-0.0018310546875,-0.0018310546875,0.133056640625,-0.09033203125,17:00:12.991352
0.49415600000000026,-0.0018310546875,-0.0018310546875,0.1324462890625,-0.0897216796875,17:00:12.991352
0.4981840000000002,-0.0006103515625,-0.0006103515625,0.133056640625,-0.09033203125,17:00:12.991352
0.5022000000000002,-0.00244140625,-0.00244140625,0.133056640625,-0.089111328125,17:00:12.991352
0.5062160000000002,-0.001220703125,-0.001220703125,0.1312255859375,-0.09033203125,17:00:12.991352
0.5102320000000002,-0.0018310546875,-0.0018310546875,0.1318359375,-0.091552734375,17:00:12.991352
0.5142439999999997,-0.0018310546875,-0.0018310546875,0.1318359375,-0.09033203125,17:00:12.992351
0.5182559999999992,-0.00244140625,-0.00244140625,0.1312255859375,-0.09033203125,17:00:12.992351
0.5222800000000003,-0.00244140625,-0.00244140625,0.1318359375,-0.0897216796875,17:00:12.992351
0.5262999999999991,-0.0018310546875,-0.0018310546875,0.1324462890625,-0.09033203125,17:00:12.992351
0.5303240000000002,-0.0018310546875,-0.0018310546875,0.1318359375,-0.0921630859375,17:00:12.992351
0.534343999999999,-0.0018310546875,-0.0018310546875,0.1318359375,-0.089111328125,17:00:12.992351
0.5383560000000003,-0.001220703125,-0.001220703125,0.1324462890625,-0.09033203125,17:00:12.992351
0.5423720000000003,-0.00244140625,-0.00244140625,0.1324462890625,-0.09033203125,17:00:12.992351
0.5463880000000003,-0.0006103515625,-0.0006103515625,0.1312255859375,-0.089111328125,17:00:12.993351
0.5504040000000003,-0.0018310546875,-0.0018310546875,0.1324462890625,-0.0897216796875,17:00:12.993351
0.5544239999999991,-0.0018310546875,-0.0018310546875,0.1324462890625,-0.0897216796875,17:00:12.993351
0.5584399999999992,-0.00244140625,-0.00244140625,0.1324462890625,-0.09033203125,17:00:12.993351
0.5624520000000004,-0.0018310546875,-0.0018310546875,0.1324462890625,-0.089111328125,17:00:12.993351
0.5664680000000004,-0.0018310546875,-0.0018310546875,0.1324462890625,-0.09033203125,17:00:12.993351
0.5704799999999999,-0.0006103515625,-0.0006103515625,0.1324462890625,-0.0897216796875,17:00:12.993351
0.5744919999999993,-0.00244140625,-0.00244140625,0.1324462890625,-0.0897216796875,17:00:12.993351
0.5785119999999999,-0.00244140625,-0.00244140625,0.1318359375,-0.0897216796875,17:00:12.994351
0.5825319999999987,-0.0018310546875,-0.0018310546875,0.1324462890625,-0.089111328125,17:00:12.994351
0.5865519999999993,-0.0018310546875,-0.0018310546875,0.133056640625,-0.0897216796875,17:00:12.994351
0.5905639999999988,-0.0018310546875,-0.0018310546875,0.1324462890625,-0.0897216796875,17:00:12.994351
0.5945879999999999,-0.0018310546875,-0.0018310546875,0.1318359375,-0.0885009765625,17:00:12.994351
0.5985999999999994,-0.0018310546875,-0.0018310546875,0.1324462890625,-0.09033203125,17:00:12.994351
0.6026159999999994,-0.0018310546875,-0.0018310546875,0.133056640625,-0.09033203125,17:00:12.994351
0.606636,-0.00244140625,-0.00244140625,0.1318359375,-0.0909423828125,17:00:12.995352
0.6106479999999994,-0.0006103515625,-0.0006103515625,0.1324462890625,-0.089111328125,17:00:12.995352
0.6146599999999989,-0.001220703125,-0.001220703125,0.133056640625,-0.0897216796875,17:00:12.995352
0.6186759999999989,-0.0018310546875,-0.0018310546875,0.1324462890625,-0.09033203125,17:00:12.995352
0.6226919999999989,-0.0018310546875,-0.0018310546875,0.1324462890625,-0.089111328125,17:00:12.995352
0.6267079999999989,-0.001220703125,-0.001220703125,0.133056640625,-0.089111328125,17:00:12.995352
0.6307279999999995,-0.0006103515625,-0.0006103515625,0.1324462890625,-0.089111328125,17:00:12.995352
0.6347519999999989,-0.001220703125,-0.001220703125,0.1324462890625,-0.089111328125,17:00:12.995352
0.6387719999999995,-0.001220703125,-0.001220703125,0.130615234375,-0.089111328125,17:00:12.996351
0.6427839999999989,-0.001220703125,-0.001220703125,0.133056640625,-0.089111328125,17:00:12.996351
0.646808,-0.00244140625,-0.00244140625,0.1318359375,-0.0897216796875,17:00:12.996351
0.6508240000000001,-0.001220703125,-0.001220703125,0.1318359375,-0.089111328125,17:00:12.996351
0.6548479999999994,-0.0018310546875,-0.0018310546875,0.1324462890625,-0.09033203125,17:00:12.996351
0.6588639999999995,-0.0018310546875,-0.0018310546875,0.133056640625,-0.0897216796875,17:00:12.996351
0.6628879999999988,-0.001220703125,-0.001220703125,0.1324462890625,-0.0897216796875,17:00:12.996351
0.6669039999999988,-0.00244140625,-0.00244140625,0.133056640625,-0.09033203125,17:00:12.997351
0.6709160000000001,-0.0006103515625,-0.0006103515625,0.1324462890625,-0.0897216796875,17:00:12.997351
0.6749279999999995,-0.0006103515625,-0.0006103515625,0.1318359375,-0.09033203125,17:00:12.997351
0.6789519999999989,-0.0018310546875,-0.0018310546875,0.1312255859375,-0.0897216796875,17:00:12.997351
0.6829719999999995,-0.0018310546875,-0.0018310546875,0.1336669921875,-0.089111328125,17:00:12.997351
0.6869959999999988,-0.0018310546875,-0.0018310546875,0.1324462890625,-0.0897216796875,17:00:12.997351
0.6910159999999994,-0.00244140625,-0.00244140625,0.133056640625,-0.0897216796875,17:00:12.997351
0.695036,-0.0018310546875,-0.0018310546875,0.1312255859375,-0.0885009765625,17:00:12.997351
0.699052,-0.001220703125,-0.001220703125,0.1318359375,-0.09033203125,17:00:12.998351
0.7030759999999994,-0.0006103515625,-0.0006103515625,0.1312255859375,-0.09033203125,17:00:12.998351
0.7070919999999994,-0.00244140625,-0.00244140625,0.1324462890625,-0.09033203125,17:00:12.998351
0.7111079999999994,-0.0018310546875,-0.0018310546875,0.1318359375,-0.09033203125,17:00:12.998351
0.7151239999999994,-0.0018310546875,-0.0018310546875,0.133056640625,-0.09033203125,17:00:12.998351
0.7191359999999989,-0.0018310546875,-0.0018310546875,0.1336669921875,-0.0909423828125,17:00:12.998351
0.72316,-0.0018310546875,-0.0018310546875,0.1324462890625,-0.0897216796875,17:00:12.998351
0.7271719999999995,-0.001220703125,-0.001220703125,0.1324462890625,-0.09033203125,17:00:12.999352
0.7311999999999994,-0.0018310546875,-0.0018310546875,0.1318359375,-0.0897216796875,17:00:12.999352
0.73522,-0.001220703125,-0.001220703125,0.133056640625,-0.09033203125,17:00:12.999352
0.7392399999999988,-0.0018310546875,-0.0018310546875,0.1324462890625,-0.09033203125,17:00:12.999352
0.7432599999999994,-0.0018310546875,-0.0018310546875,0.1318359375,-0.0885009765625,17:00:12.999352
0.7472799999999999,-0.00244140625,-0.00244140625,0.1312255859375,-0.0897216796875,17:00:12.999352
0.7513039999999993,-0.00244140625,-0.00244140625,0.1324462890625,-0.09033203125,17:00:12.999352
0.7553239999999999,-0.001220703125,-0.001220703125,0.1318359375,-0.0897216796875,17:00:12.999352
0.7593399999999999,-0.0018310546875,-0.0018310546875,0.1324462890625,-0.089111328125,17:00:13.000351
0.7633559999999999,-0.001220703125,-0.001220703125,0.1324462890625,-0.09033203125,17:00:13.000351
0.7673759999999987,0.0,0.0,0.1324462890625,-0.09033203125,17:00:13.000351
0.7713839999999994,-0.00244140625,-0.00244140625,0.1324462890625,-0.09033203125,17:00:13.000351
0.7754079999999988,-0.0018310546875,-0.0018310546875,0.133056640625,-0.0897216796875,17:00:13.000351
0.7794239999999988,-0.001220703125,-0.001220703125,0.1324462890625,-0.09033203125,17:00:13.000351
0.7834439999999994,-0.0018310546875,-0.0018310546875,0.1318359375,-0.09033203125,17:00:13.000351
0.7874599999999994,-0.0018310546875,-0.0018310546875,0.133056640625,-0.0897216796875,17:00:13.000351
0.79148,-0.00244140625,-0.00244140625,0.1324462890625,-0.0897216796875,17:00:13.001351
0.7955039999999993,-0.0018310546875,-0.0018310546875,0.1324462890625,-0.09033203125,17:00:13.001351
0.7995199999999993,-0.001220703125,-0.001220703125,0.1324462890625,-0.09033203125,17:00:13.001351
0.8035319999999988,-0.0018310546875,-0.0018310546875,0.1336669921875,-0.0897216796875,17:00:13.001351
0.8075479999999988,-0.0006103515625,-0.0006103515625,0.133056640625,-0.0897216796875,17:00:13.001351
0.8115639999999988,-0.00244140625,-0.00244140625,0.1324462890625,-0.0897216796875,17:00:13.001351
0.8155799999999989,-0.001220703125,-0.001220703125,0.1324462890625,-0.0897216796875,17:00:13.001351
0.8195999999999994,-0.0018310546875,-0.0018310546875,0.1318359375,-0.09033203125,17:00:13.002351
0.8236119999999989,-0.00244140625,-0.00244140625,0.1318359375,-0.09033203125,17:00:13.002351
0.8276279999999989,-0.0018310546875,-0.0018310546875,0.1318359375,-0.0897216796875,17:00:13.002351
0.8316400000000002,-0.0018310546875,-0.0018310546875,0.1312255859375,-0.0897216796875,17:00:13.002351
0.835659999999999,-0.00244140625,-0.00244140625,0.1324462890625,-0.0897216796875,17:00:13.002351
0.8396799999999995,-0.0006103515625,-0.0006103515625,0.1324462890625,-0.0909423828125,17:00:13.002351
0.8436959999999996,-0.001220703125,-0.001220703125,0.133056640625,-0.09033203125,17:00:13.002351
0.8477199999999989,-0.001220703125,-0.001220703125,0.1324462890625,-0.089111328125,17:00:13.002351
0.8517399999999995,-0.0018310546875,-0.0018310546875,0.1318359375,-0.0897216796875,17:00:13.003351
0.8557559999999995,-0.001220703125,-0.001220703125,0.1312255859375,-0.089111328125,17:00:13.003351
0.8597760000000001,-0.0018310546875,-0.0018310546875,0.1318359375,-0.0897216796875,17:00:13.003351
0.8637879999999996,-0.00244140625,-0.00244140625,0.1318359375,-0.0897216796875,17:00:13.003351
0.8678039999999996,-0.0006103515625,-0.0006103515625,0.1318359375,-0.0897216796875,17:00:13.003351
0.8718240000000002,0.0,0.0,0.1318359375,-0.0909423828125,17:00:13.003351
0.8758359999999996,-0.001220703125,-0.001220703125,0.1318359375,-0.0897216796875,17:00:13.003351
0.879859999999999,-0.001220703125,-0.001220703125,0.1324462890625,-0.0897216796875,17:00:13.003351
0.8838720000000002,-0.0006103515625,-0.0006103515625,0.133056640625,-0.09033203125,17:00:13.004351
0.8878959999999996,-0.001220703125,-0.001220703125,0.1324462890625,-0.089111328125,17:00:13.004351
0.8919160000000002,-0.0006103515625,-0.0006103515625,0.133056640625,-0.09033203125,17:00:13.004351
0.895935999999999,-0.0030517578125,-0.0030517578125,0.1324462890625,-0.0897216796875,17:00:13.004351
0.8999600000000001,-0.0018310546875,-0.0018310546875,0.1324462890625,-0.0885009765625,17:00:13.004351
0.9039760000000001,-0.001220703125,-0.001220703125,0.1324462890625,-0.0897216796875,17:00:13.004351
0.9079879999999996,-0.0006103515625,-0.0006103515625,0.1324462890625,-0.0897216796875,17:00:13.004351
0.9120080000000002,-0.001220703125,-0.001220703125,0.1324462890625,-0.089111328125,17:00:13.004351
0.9160240000000002,-0.0006103515625,-0.0006103515625,0.133056640625,-0.0897216796875,17:00:13.005351
0.9200359999999996,-0.00244140625,-0.00244140625,0.133056640625,-0.09033203125,17:00:13.005351
0.924059999999999,-0.0018310546875,-0.0018310546875,0.1324462890625,-0.09033203125,17:00:13.005351
0.928075999999999,-0.0006103515625,-0.0006103515625,0.1312255859375,-0.0897216796875,17:00:13.005351
0.9320880000000002,-0.001220703125,-0.001220703125,0.1318359375,-0.091552734375,17:00:13.005351
0.9360999999999997,-0.0018310546875,-0.0018310546875,0.1318359375,-0.09033203125,17:00:13.005351
0.9401200000000003,-0.0018310546875,-0.0018310546875,0.1318359375,-0.0897216796875,17:00:13.005351
0.9441399999999991,-0.0018310546875,-0.0018310546875,0.1324462890625,-0.089111328125,17:00:13.006351
0.9481599999999997,-0.0018310546875,-0.0018310546875,0.1324462890625,-0.0897216796875,17:00:13.006351
0.952183999999999,-0.0006103515625,-0.0006103515625,0.1324462890625,-0.0909423828125,17:00:13.006351
0.9562039999999996,-0.001220703125,-0.001220703125,0.1312255859375,-0.0897216796875,17:00:13.006351
0.9602199999999996,-0.0018310546875,-0.0018310546875,0.1324462890625,-0.0897216796875,17:00:13.006351
0.9642400000000002,-0.0018310546875,-0.0018310546875,0.133056640625,-0.089111328125,17:00:13.006351
0.9682560000000002,-0.0018310546875,-0.0018310546875,0.133056640625,-0.089111328125,17:00:13.007352
0.9722679999999997,-0.001220703125,-0.001220703125,0.1318359375,-0.0897216796875,17:00:13.010353
0.976291999999999,-0.001220703125,-0.001220703125,0.1318359375,-0.089111328125,17:00:13.010353
0.9803079999999991,-0.00244140625,-0.00244140625,0.1324462890625,-0.089111328125,17:00:13.010353
0.9843200000000003,-0.0018310546875,-0.0018310546875,0.1324462890625,-0.089111328125,17:00:13.011730
0.9883319999999998,-0.001220703125,-0.001220703125,0.133056640625,-0.0897216796875,17:00:13.011730
0.9923520000000003,-0.001220703125,-0.001220703125,0.1324462890625,-0.0897216796875,17:00:13.012234
0.9963719999999991,0.0,0.0,0.1324462890625,-0.0897216796875,17:00:13.012234
1.0003840000000004,-0.0018310546875,-0.0018310546875,0.1312255859375,-0.0909423828125,17:00:13.012234
1.0044079999999997,-0.0018310546875,-0.0018310546875,0.133056640625,-0.0897216796875,17:00:13.012234
1.0084239999999998,-0.0006103515625,-0.0006103515625,0.1318359375,-0.089111328125,17:00:13.012234
1.0124399999999998,-0.0018310546875,-0.0018310546875,0.1336669921875,-0.0909423828125,17:00:13.012234
1.0164720000000003,-0.0018310546875,-0.0018310546875,0.133056640625,-0.089111328125,17:00:13.012234
1.0204880000000003,-0.0018310546875,-0.0018310546875,0.133056640625,-0.0909423828125,17:00:13.012234
1.0244999999999997,-0.001220703125,-0.001220703125,0.1336669921875,-0.089111328125,17:00:13.013461
1.0285200000000003,-0.001220703125,-0.001220703125,0.1324462890625,-0.0897216796875,17:00:13.013461
1.0325319999999998,-0.0018310546875,-0.0018310546875,0.1324462890625,-0.0909423828125,17:00:13.013461
1.0365479999999998,-0.0018310546875,-0.0018310546875,0.1324462890625,-0.0897216796875,17:00:13.013461
1.0405599999999993,-0.00244140625,-0.00244140625,0.133056640625,-0.089111328125,17:00:13.013461
1.0445799999999998,-0.001220703125,-0.001220703125,0.133056640625,-0.0897216796875,17:00:13.013461
1.0485959999999999,-0.0018310546875,-0.0018310546875,0.1324462890625,-0.0897216796875,17:00:13.015630
1.0526160000000004,-0.0018310546875,-0.0018310546875,0.1324462890625,-0.09033203125,17:00:13.019534
1.0566359999999992,-0.001220703125,-0.001220703125,0.1324462890625,-0.09033203125,17:00:13.024356
1.0606559999999998,-0.0006103515625,-0.0006103515625,0.1318359375,-0.0909423828125,17:00:13.027812
1.0646719999999998,-0.0018310546875,-0.0018310546875,0.1324462890625,-0.089111328125,17:00:13.031950
1.0686879999999999,-0.001220703125,-0.001220703125,0.1324462890625,-0.0897216796875,17:00:13.035864
1.0727039999999999,-0.00244140625,-0.00244140625,0.1324462890625,-0.089111328125,17:00:13.039912
1.0767239999999987,-0.0018310546875,-0.0018310546875,0.1324462890625,-0.09033203125,17:00:13.044599
1.0807439999999993,-0.00244140625,-0.00244140625,0.1324462890625,-0.0897216796875,17:00:13.048952
1.0847559999999987,-0.001220703125,-0.001220703125,0.1324462890625,-0.0897216796875,17:00:13.052952
1.0887719999999987,-0.0018310546875,-0.0018310546875,0.1336669921875,-0.0897216796875,17:00:13.056955
1.092784,-0.0018310546875,-0.0018310546875,0.1324462890625,-0.09033203125,17:00:13.061249
1.0968039999999988,-0.00244140625,-0.00244140625,0.1318359375,-0.09033203125,17:00:13.065200
1.1008199999999988,-0.001220703125,-0.001220703125,0.1324462890625,-0.089111328125,17:00:13.069209
1.104832,-0.0018310546875,-0.0018310546875,0.133056640625,-0.0897216796875,17:00:13.072219
1.1088559999999994,-0.0018310546875,-0.0018310546875,0.1336669921875,-0.0897216796875,17:00:13.077228
1.112876,-0.0030517578125,-0.0030517578125,0.1318359375,-0.0897216796875,17:00:13.081213
1.116892,-0.0030517578125,-0.0030517578125,0.1324462890625,-0.0897216796875,17:00:13.085220
1.1209119999999988,-0.0018310546875,-0.0018310546875,0.1324462890625,-0.0909423828125,17:00:13.089364
1.124924,-0.001220703125,-0.001220703125,0.1336669921875,-0.089111328125,17:00:13.093463
1.1289479999999994,-0.0018310546875,-0.0018310546875,0.133056640625,-0.0897216796875,17:00:13.098117
1.132968,-0.00244140625,-0.00244140625,0.1318359375,-0.0897216796875,17:00:13.101636
1.136984,-0.00244140625,-0.00244140625,0.133056640625,-0.09033203125,17:00:13.105762
1.1409959999999995,-0.0018310546875,-0.0018310546875,0.1324462890625,-0.0897216796875,17:00:13.109887
1.145007999999999,-0.001220703125,-0.001220703125,0.1324462890625,-0.0897216796875,17:00:13.113937
1.1490279999999995,-0.0018310546875,-0.0018310546875,0.133056640625,-0.0897216796875,17:00:13.119953
1.1530439999999995,-0.001220703125,-0.001220703125,0.1324462890625,-0.0897216796875,17:00:13.121959
1.157064,-0.001220703125,-0.001220703125,0.133056640625,-0.0897216796875,17:00:13.125970
1.1610879999999995,-0.0018310546875,-0.0018310546875,0.1324462890625,-0.0885009765625,17:00:13.130026
1.165108,-0.0018310546875,-0.0018310546875,0.1324462890625,-0.089111328125,17:00:13.134958
1.1691199999999995,-0.0018310546875,-0.0018310546875,0.1318359375,-0.0897216796875,17:00:13.138508
1.17314,-0.0018310546875,-0.0018310546875,0.1324462890625,-0.089111328125,17:00:13.142613
1.1771519999999995,-0.00244140625,-0.00244140625,0.1318359375,-0.0897216796875,17:00:13.146713
1.181163999999999,-0.00244140625,-0.00244140625,0.1324462890625,-0.0897216796875,17:00:13.150782
1.1851880000000001,-0.001220703125,-0.001220703125,0.1312255859375,-0.089111328125,17:00:13.154892
1.1892040000000001,-0.001220703125,-0.001220703125,0.1324462890625,-0.089111328125,17:00:13.158988
1.1932159999999996,-0.0018310546875,-0.0018310546875,0.133056640625,-0.089111328125,17:00:13.163000
1.1972319999999996,-0.0030517578125,-0.0030517578125,0.1318359375,-0.089111328125,17:00:13.166995
1.2012520000000002,-0.00244140625,-0.00244140625,0.1324462890625,-0.0897216796875,17:00:13.170998
1.2052759999999996,-0.0018310546875,-0.0018310546875,0.1324462890625,-0.089111328125,17:00:13.175363
1.2092960000000001,-0.001220703125,-0.001220703125,0.1324462890625,-0.0897216796875,17:00:13.179464
1.213324,-0.0018310546875,-0.0018310546875,0.1318359375,-0.0909423828125,17:00:13.183563
1.21734,-0.0018310546875,-0.0018310546875,0.1318359375,-0.089111328125,17:00:13.187634
1.221356,-0.001220703125,-0.001220703125,0.1324462890625,-0.09033203125,17:00:13.187634
1.225375999999999,-0.00244140625,-0.00244140625,0.1324462890625,-0.0885009765625,17:00:13.191734
1.2293880000000001,-0.00244140625,-0.00244140625,0.1324462890625,-0.0885009765625,17:00:13.196421
1.233416,-0.001220703125,-0.001220703125,0.133056640625,-0.0909423828125,17:00:13.199436
1.237432,-0.0030517578125,-0.0030517578125,0.1318359375,-0.0897216796875,17:00:13.203435
1.241448,-0.0006103515625,-0.0006103515625,0.1336669921875,-0.09033203125,17:00:13.208436
1.2454599999999996,-0.001220703125,-0.001220703125,0.133056640625,-0.0897216796875,17:00:13.212434
1.2494759999999996,-0.0018310546875,-0.0018310546875,0.1324462890625,-0.09033203125,17:00:13.216313
1.253487999999999,-0.0006103515625,-0.0006103515625,0.1324462890625,-0.089111328125,17:00:13.220412
1.2575120000000002,-0.001220703125,-0.001220703125,0.1336669921875,-0.0897216796875,17:00:13.224077
1.261531999999999,-0.0018310546875,-0.0018310546875,0.1318359375,-0.089111328125,17:00:13.229132
1.265547999999999,-0.0018310546875,-0.0018310546875,0.1324462890625,-0.09033203125,17:00:13.232708
1.2695679999999996,-0.00244140625,-0.00244140625,0.133056640625,-0.0909423828125,17:00:13.236976
1.2735839999999996,-0.0018310546875,-0.0018310546875,0.1324462890625,-0.089111328125,17:00:13.240886
1.2775999999999996,-0.0018310546875,-0.0018310546875,0.133056640625,-0.089111328125,17:00:13.244987
1.2816159999999996,-0.00244140625,-0.00244140625,0.133056640625,-0.0897216796875,17:00:13.249088
1.285627999999999,-0.0018310546875,-0.0018310546875,0.1312255859375,-0.0897216796875,17:00:13.253161
1.2896479999999997,-0.001220703125,-0.001220703125,0.1324462890625,-0.09033203125,17:00:13.257287
1.293671999999999,-0.0018310546875,-0.0018310546875,0.1318359375,-0.0897216796875,17:00:13.262010
1.2976840000000003,-0.0006103515625,-0.0006103515625,0.1318359375,-0.0897216796875,17:00:13.265012
1.301703999999999,-0.0018310546875,-0.0018310546875,0.1324462890625,-0.089111328125,17:00:13.269011
1.305719999999999,-0.0018310546875,-0.0018310546875,0.1312255859375,-0.09033203125,17:00:13.274008
1.3097320000000003,-0.001220703125,-0.001220703125,0.133056640625,-0.09033203125,17:00:13.277737
1.3137519999999991,-0.0018310546875,-0.0018310546875,0.1318359375,-0.089111328125,17:00:13.281887
1.3177719999999997,-0.001220703125,-0.001220703125,0.13427734375,-0.089111328125,17:00:13.285937
1.3217920000000003,-0.00244140625,-0.00244140625,0.1312255859375,-0.089111328125,17:00:13.290633
1.3258039999999998,-0.0006103515625,-0.0006103515625,0.1336669921875,-0.0897216796875,17:00:13.294135
1.3298240000000003,-0.001220703125,-0.001220703125,0.1318359375,-0.09033203125,17:00:13.298234
1.3338359999999998,-0.0018310546875,-0.0018310546875,0.1324462890625,-0.09033203125,17:00:13.303253
1.3378519999999998,-0.0018310546875,-0.0018310546875,0.1318359375,-0.0909423828125,17:00:13.306251
1.3418720000000004,-0.001220703125,-0.001220703125,0.1324462890625,-0.089111328125,17:00:13.310538
1.3458919999999992,-0.0018310546875,-0.0018310546875,0.1324462890625,-0.09033203125,17:00:13.314638
1.3499199999999991,-0.00244140625,-0.00244140625,0.133056640625,-0.09033203125,17:00:13.318737
1.3539399999999997,-0.001220703125,-0.001220703125,0.1324462890625,-0.089111328125,17:00:13.323498
1.3579519999999992,-0.001220703125,-0.001220703125,0.1324462890625,-0.09033203125,17:00:13.326513
1.3619640000000004,-0.001220703125,-0.001220703125,0.1324462890625,-0.09033203125,17:00:13.330513
1.3659879999999998,-0.001220703125,-0.001220703125,0.1324462890625,-0.09033203125,17:00:13.336510
1.3700039999999998,-0.0030517578125,-0.0030517578125,0.1324462890625,-0.0897216796875,17:00:13.338513
1.3740240000000004,-0.0018310546875,-0.0018310546875,0.1318359375,-0.0909423828125,17:00:13.343034
1.3780439999999992,-0.001220703125,-0.001220703125,0.1324462890625,-0.089111328125,17:00:13.347034
1.3820599999999992,-0.001220703125,-0.001220703125,0.133056640625,-0.0909423828125,17:00:13.352048
1.3860840000000003,-0.00244140625,-0.00244140625,0.1324462890625,-0.09033203125,17:00:13.355583
1.3900959999999998,-0.0018310546875,-0.0018310546875,0.1324462890625,-0.089111328125,17:00:13.359531
1.3941160000000004,-0.0018310546875,-0.0018310546875,0.1324462890625,-0.09033203125,17:00:13.363746
1.3981320000000004,-0.0018310546875,-0.0018310546875,0.1336669921875,-0.0897216796875,17:00:13.367747
1.4021439999999998,-0.001220703125,-0.001220703125,0.1318359375,-0.089111328125,17:00:13.371746
1.4061640000000004,-0.001220703125,-0.001220703125,0.1318359375,-0.0885009765625,17:00:13.375747
1.4101759999999999,-0.0018310546875,-0.0018310546875,0.1318359375,-0.0897216796875,17:00:13.380163
1.4141879999999993,-0.001220703125,-0.001220703125,0.1324462890625,-0.089111328125,17:00:13.384569
1.4182119999999987,-0.00244140625,-0.00244140625,0.1324462890625,-0.0897216796875,17:00:13.388360
1.4222279999999987,-0.001220703125,-0.001220703125,0.1324462890625,-0.09033203125,17:00:13.392433
1.4262479999999993,-0.001220703125,-0.001220703125,0.1318359375,-0.09033203125,17:00:13.396445
1.4302679999999999,-0.0018310546875,-0.0018310546875,0.1324462890625,-0.0897216796875,17:00:13.400627
1.434284,-0.0018310546875,-0.0018310546875,0.1324462890625,-0.089111328125,17:00:13.404443
1.4383079999999993,-0.00244140625,-0.00244140625,0.1318359375,-0.0897216796875,17:00:13.408887
1.4423320000000004,-0.0018310546875,-0.0018310546875,0.133056640625,-0.09033203125,17:00:13.408887
1.4463519999999992,-0.0018310546875,-0.0018310546875,0.1324462890625,-0.09033203125,17:00:13.412911
1.4503679999999992,-0.00244140625,-0.00244140625,0.133056640625,-0.089111328125,17:00:13.417589
1.4543799999999987,-0.0018310546875,-0.0018310546875,0.133056640625,-0.089111328125,17:00:13.421084
1.458392,-0.0030517578125,-0.0030517578125,0.1324462890625,-0.089111328125,17:00:13.425209
1.4623999999999988,-0.0018310546875,-0.0018310546875,0.1318359375,-0.0897216796875,17:00:13.429287
1.4664159999999988,-0.001220703125,-0.001220703125,0.1318359375,-0.0897216796875,17:00:13.433388
1.4704359999999994,-0.0018310546875,-0.0018310546875,0.1318359375,-0.089111328125,17:00:13.437484
1.4744519999999994,-0.0018310546875,-0.0018310546875,0.133056640625,-0.09033203125,17:00:13.441493
1.478472,-0.0018310546875,-0.0018310546875,0.1324462890625,-0.09033203125,17:00:13.445687
1.4824919999999988,-0.001220703125,-0.001220703125,0.1336669921875,-0.0897216796875,17:00:13.449693
1.4865079999999988,-0.0018310546875,-0.0018310546875,0.1318359375,-0.089111328125,17:00:13.453696
1.490532,-0.0018310546875,-0.0018310546875,0.1324462890625,-0.089111328125,17:00:13.457701
1.4945559999999993,-0.001220703125,-0.001220703125,0.1324462890625,-0.089111328125,17:00:13.462062
1.4985719999999993,-0.001220703125,-0.001220703125,0.133056640625,-0.089111328125,17:00:13.466162
1.502592,-0.0030517578125,-0.0030517578125,0.1318359375,-0.0897216796875,17:00:13.470237
1.5066039999999994,-0.0006103515625,-0.0006103515625,0.1318359375,-0.0909423828125,17:00:13.474362
1.5106199999999994,-0.0018310546875,-0.0018310546875,0.1324462890625,-0.09033203125,17:00:13.478845
1.5146319999999989,-0.0018310546875,-0.0018310546875,0.1324462890625,-0.089111328125,17:00:13.482691
1.5186519999999994,-0.001220703125,-0.001220703125,0.1324462890625,-0.09033203125,17:00:13.486687
1.5226679999999995,-0.001220703125,-0.001220703125,0.1324462890625,-0.09033203125,17:00:13.490690
1.5266839999999995,-0.001220703125,-0.001220703125,0.1312255859375,-0.0897216796875,17:00:13.494811
1.530704,-0.0006103515625,-0.0006103515625,0.1324462890625,-0.09033203125,17:00:13.498937
1.5347159999999995,-0.0006103515625,-0.0006103515625,0.1318359375,-0.0897216796875,17:00:13.502947
1.538736,-0.001220703125,-0.001220703125,0.1324462890625,-0.0897216796875,17:00:13.507112
1.5427599999999995,-0.001220703125,-0.001220703125,0.1318359375,-0.0897216796875,17:00:13.511947
1.546771999999999,-0.0018310546875,-0.0018310546875,0.133056640625,-0.09033203125,17:00:13.514947
1.5507919999999995,-0.001220703125,-0.001220703125,0.133056640625,-0.0897216796875,17:00:13.519948
1.554803999999999,-0.001220703125,-0.001220703125,0.1318359375,-0.0909423828125,17:00:13.522947
1.5588160000000002,-0.00244140625,-0.00244140625,0.1324462890625,-0.089111328125,17:00:13.527588
1.562835999999999,-0.001220703125,-0.001220703125,0.1324462890625,-0.09033203125,17:00:13.531712
1.5668480000000002,-0.00244140625,-0.00244140625,0.1312255859375,-0.0909423828125,17:00:13.535887
1.5708599999999997,-0.001220703125,-0.001220703125,0.1318359375,-0.0897216796875,17:00:13.540459
1.5748759999999997,-0.0018310546875,-0.0018310546875,0.1318359375,-0.089111328125,17:00:13.543985
1.578899999999999,-0.001220703125,-0.001220703125,0.1318359375,-0.0897216796875,17:00:13.548085
1.5829199999999997,-0.0018310546875,-0.0018310546875,0.133056640625,-0.089111328125,17:00:13.552092
1.5869400000000002,-0.0006103515625,-0.0006103515625,0.133056640625,-0.0897216796875,17:00:13.556091
1.5909560000000003,-0.001220703125,-0.001220703125,0.1324462890625,-0.089111328125,17:00:13.560090
1.5949799999999996,-0.001220703125,-0.001220703125,0.1312255859375,-0.0897216796875,17:00:13.564089
1.598991999999999,-0.0018310546875,-0.0018310546875,0.133056640625,-0.09033203125,17:00:13.568562
1.6030119999999997,-0.0030517578125,-0.0030517578125,0.1318359375,-0.0897216796875,17:00:13.573207
1.6070239999999991,-0.0018310546875,-0.0018310546875,0.1318359375,-0.0897216796875,17:00:13.576088
1.6110399999999991,-0.0018310546875,-0.0018310546875,0.1324462890625,-0.0897216796875,17:00:13.580091
1.6150599999999997,-0.001220703125,-0.001220703125,0.1336669921875,-0.0897216796875,17:00:13.585089
1.6190719999999992,-0.0018310546875,-0.0018310546875,0.133056640625,-0.09033203125,17:00:13.589088
1.6230840000000004,-0.001220703125,-0.001220703125,0.133056640625,-0.089111328125,17:00:13.593137
1.6271079999999998,-0.0018310546875,-0.0018310546875,0.1318359375,-0.0897216796875,17:00:13.597240
1.6311280000000004,-0.0018310546875,-0.0018310546875,0.1318359375,-0.0897216796875,17:00:13.601336
1.6351479999999992,-0.0018310546875,-0.0018310546875,0.1318359375,-0.09033203125,17:00:13.606160
1.6391639999999992,-0.001220703125,-0.001220703125,0.133056640625,-0.089111328125,17:00:13.609176
1.6431799999999992,-0.001220703125,-0.001220703125,0.1318359375,-0.0885009765625,17:00:13.613178
1.6472040000000003,-0.00244140625,-0.00244140625,0.133056640625,-0.0909423828125,17:00:13.617176
1.6512200000000004,0.0,0.0,0.1318359375,-0.09033203125,17:00:13.621175
1.6552319999999998,-0.0030517578125,-0.0030517578125,0.1336669921875,-0.0897216796875,17:00:13.625888
1.6592439999999993,-0.001220703125,-0.001220703125,0.1318359375,-0.089111328125,17:00:13.625888
1.6632559999999987,-0.0018310546875,-0.0018310546875,0.1324462890625,-0.0909423828125,17:00:13.629894
1.6672839999999987,-0.00244140625,-0.00244140625,0.1318359375,-0.0897216796875,17:00:13.634088
1.6712999999999987,-0.0018310546875,-0.0018310546875,0.1324462890625,-0.09033203125,17:00:13.638976
1.6753199999999993,-0.00244140625,-0.00244140625,0.1324462890625,-0.0897216796875,17:00:13.642260
1.6793319999999987,-0.0018310546875,-0.0018310546875,0.1324462890625,-0.09033203125,17:00:13.646362
1.6833479999999987,-0.0018310546875,-0.0018310546875,0.1318359375,-0.0897216796875,17:00:13.650463
1.6873679999999993,-0.001220703125,-0.001220703125,0.1324462890625,-0.0897216796875,17:00:13.654561
1.691388,-0.0018310546875,-0.0018310546875,0.1318359375,-0.0897216796875,17:00:13.658569
1.6954159999999998,-0.0018310546875,-0.0018310546875,0.1324462890625,-0.0909423828125,17:00:13.662762
1.6994279999999993,-0.0006103515625,-0.0006103515625,0.1324462890625,-0.0897216796875,17:00:13.666772
1.7034399999999987,-0.0018310546875,-0.0018310546875,0.1318359375,-0.0897216796875,17:00:13.670770
1.7074599999999993,-0.00244140625,-0.00244140625,0.133056640625,-0.0909423828125,17:00:13.674772
1.7114719999999988,-0.0018310546875,-0.0018310546875,0.1324462890625,-0.0897216796875,17:00:13.679137
1.7154879999999988,-0.0018310546875,-0.0018310546875,0.133056640625,-0.0909423828125,17:00:13.683236
1.7195079999999994,-0.0018310546875,-0.0018310546875,0.1324462890625,-0.0897216796875,17:00:13.687311
1.7235199999999988,-0.00244140625,-0.00244140625,0.1324462890625,-0.0897216796875,17:00:13.691439
1.727532,-0.00244140625,-0.00244140625,0.133056640625,-0.09033203125,17:00:13.695512
1.7315559999999994,-0.0018310546875,-0.0018310546875,0.1324462890625,-0.0897216796875,17:00:13.700521
1.735576,-0.0018310546875,-0.0018310546875,0.1324462890625,-0.0909423828125,17:00:13.703522
1.7395959999999988,-0.0018310546875,-0.0018310546875,0.1324462890625,-0.09033203125,17:00:13.707523
1.7436119999999988,-0.0018310546875,-0.0018310546875,0.1318359375,-0.09033203125,17:00:13.711912
1.7476279999999988,-0.0018310546875,-0.0018310546875,0.1318359375,-0.0897216796875,17:00:13.715986
1.751652,-0.0018310546875,-0.0018310546875,0.1324462890625,-0.09033203125,17:00:13.720086
1.7556759999999993,-0.0018310546875,-0.0018310546875,0.1318359375,-0.09033203125,17:00:13.724183
1.7596919999999994,-0.0030517578125,-0.0030517578125,0.1324462890625,-0.0909423828125,17:00:13.728284
1.763712,-0.0018310546875,-0.0018310546875,0.1324462890625,-0.089111328125,17:00:13.732959
1.7677359999999993,-0.001220703125,-0.001220703125,0.1324462890625,-0.089111328125,17:00:13.735979
1.7717479999999988,-0.0018310546875,-0.0018310546875,0.133056640625,-0.09033203125,17:00:13.740138
1.7757639999999988,-0.0018310546875,-0.0018310546875,0.1324462890625,-0.0897216796875,17:00:13.744152
1.7797839999999994,-0.0018310546875,-0.0018310546875,0.1324462890625,-0.0897216796875,17:00:13.748151
1.7837999999999994,-0.001220703125,-0.001220703125,0.133056640625,-0.0897216796875,17:00:13.752888
1.78782,-0.0006103515625,-0.0006103515625,0.1324462890625,-0.0897216796875,17:00:13.756962
1.7918439999999993,-0.001220703125,-0.001220703125,0.1318359375,-0.0897216796875,17:00:13.761063
1.7958599999999993,-0.001220703125,-0.001220703125,0.1324462890625,-0.0897216796875,17:00:13.765830
1.79988,-0.0018310546875,-0.0018310546875,0.1318359375,-0.089111328125,17:00:13.768962
1.8038999999999987,-0.0018310546875,-0.0018310546875,0.1318359375,-0.09033203125,17:00:13.772961
1.8079159999999987,-0.0006103515625,-0.0006103515625,0.1324462890625,-0.0897216796875,17:00:13.776962
1.8119399999999999,-0.0018310546875,-0.0018310546875,0.1336669921875,-0.0897216796875,17:00:13.780960
1.8159639999999992,-0.001220703125,-0.001220703125,0.1312255859375,-0.089111328125,17:00:13.785638
1.8199759999999987,-0.001220703125,-0.001220703125,0.133056640625,-0.089111328125,17:00:13.789737
1.8239999999999998,-0.0018310546875,-0.0018310546875,0.133056640625,-0.089111328125,17:00:13.793263
1.8280159999999999,-0.0018310546875,-0.0018310546875,0.1324462890625,-0.09033203125,17:00:13.797935
1.8320359999999987,-0.0018310546875,-0.0018310546875,0.1324462890625,-0.0897216796875,17:00:13.801946
1.8360599999999998,-0.001220703125,-0.001220703125,0.1324462890625,-0.0897216796875,17:00:13.805945
1.8400800000000004,-0.0030517578125,-0.0030517578125,0.133056640625,-0.0897216796875,17:00:13.809946
1.8441080000000003,-0.001220703125,-0.001220703125,0.1324462890625,-0.087890625,17:00:13.814313
1.848127999999999,-0.00244140625,-0.00244140625,0.1324462890625,-0.0897216796875,17:00:13.818413
1.8521400000000003,-0.00244140625,-0.00244140625,0.1324462890625,-0.09033203125,17:00:13.822512
1.8561599999999991,-0.0006103515625,-0.0006103515625,0.1318359375,-0.0897216796875,17:00:13.826837
1.8601720000000004,-0.00244140625,-0.00244140625,0.1324462890625,-0.089111328125,17:00:13.831260
1.8642000000000003,-0.0018310546875,-0.0018310546875,0.1324462890625,-0.0909423828125,17:00:13.834265
1.8682160000000003,-0.0018310546875,-0.0018310546875,0.1318359375,-0.09033203125,17:00:13.838263
1.8722320000000003,-0.0018310546875,-0.0018310546875,0.133056640625,-0.0897216796875,17:00:13.842263
1.8762439999999998,0.0,0.0,0.1318359375,-0.089111328125,17:00:13.843322
1.8802599999999998,-0.001220703125,-0.001220703125,0.1324462890625,-0.09033203125,17:00:13.847065
1.8842719999999993,-0.0018310546875,-0.0018310546875,0.1324462890625,-0.089111328125,17:00:13.851162
1.8882839999999987,-0.0018310546875,-0.0018310546875,0.133056640625,-0.089111328125,17:00:13.855237
1.8923039999999993,-0.001220703125,-0.001220703125,0.1324462890625,-0.0885009765625,17:00:13.859376
1.8963319999999992,-0.0018310546875,-0.0018310546875,0.133056640625,-0.089111328125,17:00:13.863405
1.9003519999999998,-0.0018310546875,-0.0018310546875,0.133056640625,-0.09033203125,17:00:13.867843
1.9043639999999993,-0.00244140625,-0.00244140625,0.1324462890625,-0.0897216796875,17:00:13.871841
1.9083839999999999,-0.001220703125,-0.001220703125,0.133056640625,-0.0909423828125,17:00:13.876841
1.9123959999999993,-0.00244140625,-0.00244140625,0.1318359375,-0.0897216796875,17:00:13.879881
1.9164239999999992,-0.001220703125,-0.001220703125,0.133056640625,-0.09033203125,17:00:13.883937
1.9204399999999993,-0.0018310546875,-0.0018310546875,0.1324462890625,-0.09033203125,17:00:13.887393
1.9244559999999993,-0.0018310546875,-0.0018310546875,0.1336669921875,-0.089111328125,17:00:13.892107
1.9284679999999987,-0.0018310546875,-0.0018310546875,0.1318359375,-0.089111328125,17:00:13.896120
1.9324879999999993,-0.001220703125,-0.001220703125,0.1318359375,-0.0897216796875,17:00:13.900116
1.9364999999999988,-0.0018310546875,-0.0018310546875,0.1336669921875,-0.089111328125,17:00:13.904117
1.9405159999999988,-0.0018310546875,-0.0018310546875,0.133056640625,-0.09033203125,17:00:13.908513
1.944528,-0.0018310546875,-0.0018310546875,0.1312255859375,-0.089111328125,17:00:13.912587
1.948556,-0.001220703125,-0.001220703125,0.1336669921875,-0.0897216796875,17:00:13.916686
1.9525759999999988,-0.001220703125,-0.001220703125,0.1318359375,-0.0897216796875,17:00:13.920785
1.956588,-0.00244140625,-0.00244140625,0.1324462890625,-0.089111328125,17:00:13.924887
1.9606079999999988,-0.001220703125,-0.001220703125,0.1324462890625,-0.089111328125,17:00:13.928962
1.96462,-0.001220703125,-0.001220703125,0.1318359375,-0.0897216796875,17:00:13.932971
1.968648,-0.0018310546875,-0.0018310546875,0.1318359375,-0.0897216796875,17:00:13.937973
1.972664,-0.0018310546875,-0.0018310546875,0.1324462890625,-0.0897216796875,17:00:13.940973
1.97668,-0.001220703125,-0.001220703125,0.1312255859375,-0.0897216796875,17:00:13.945494
1.9806919999999995,-0.00244140625,-0.00244140625,0.1318359375,-0.0897216796875,17:00:13.949461
1.984712,-0.00244140625,-0.00244140625,0.1324462890625,-0.0897216796875,17:00:13.953469
1.988719999999999,-0.0018310546875,-0.0018310546875,0.1324462890625,-0.0897216796875,17:00:13.957663
1.992735999999999,-0.001220703125,-0.001220703125,0.1318359375,-0.0897216796875,17:00:13.961763
1.9967559999999995,-0.0030517578125,-0.0030517578125,0.1324462890625,-0.0885009765625,17:00:13.965887
2.000779999999999,-0.0006103515625,-0.0006103515625,0.133056640625,-0.09033203125,17:00:13.969962
2.0047999999999995,-0.0018310546875,-0.0018310546875,0.1324462890625,-0.089111328125,17:00:13.974060
2.008811999999999,-0.0018310546875,-0.0018310546875,0.1324462890625,-0.0897216796875,17:00:13.978135
2.0128319999999995,-0.0006103515625,-0.0006103515625,0.1336669921875,-0.0897216796875,17:00:13.982238
2.016843999999999,-0.0018310546875,-0.0018310546875,0.1324462890625,-0.0897216796875,17:00:13.987253
2.020871999999999,-0.0018310546875,-0.0018310546875,0.1324462890625,-0.0897216796875,17:00:13.990251
2.024887999999999,-0.0018310546875,-0.0018310546875,0.1312255859375,-0.0897216796875,17:00:13.994251
2.028903999999999,-0.00244140625,-0.00244140625,0.1324462890625,-0.09033203125,17:00:13.998250
2.032916,-0.001220703125,-0.001220703125,0.1312255859375,-0.0897216796875,17:00:14.003295
2.036935999999999,-0.001220703125,-0.001220703125,0.1324462890625,-0.0897216796875,17:00:14.006806
2.0409439999999996,0.0,0.0,0.1324462890625,-0.0897216796875,17:00:14.010142
2.044955999999999,-0.001220703125,-0.001220703125,0.1318359375,-0.09033203125,17:00:14.015014
2.0489759999999997,-0.0018310546875,-0.0018310546875,0.1324462890625,-0.089111328125,17:00:14.019023
2.0530039999999996,-0.00244140625,-0.00244140625,0.1312255859375,-0.0897216796875,17:00:14.023023
2.057024,-0.0018310546875,-0.0018310546875,0.1324462890625,-0.0885009765625,17:00:14.027023
2.0610359999999996,-0.001220703125,-0.001220703125,0.1318359375,-0.089111328125,17:00:14.031388
2.0650560000000002,-0.0018310546875,-0.0018310546875,0.1324462890625,-0.0897216796875,17:00:14.035483
2.0690679999999997,-0.001220703125,-0.001220703125,0.1324462890625,-0.09033203125,17:00:14.039493
2.0730959999999996,-0.0006103515625,-0.0006103515625,0.1324462890625,-0.0897216796875,17:00:14.043613
2.0771119999999996,-0.001220703125,-0.001220703125,0.1324462890625,-0.0897216796875,17:00:14.047612
2.0811279999999996,-0.0006103515625,-0.0006103515625,0.1324462890625,-0.0897216796875,17:00:14.051886
2.085139999999999,-0.0018310546875,-0.0018310546875,0.1312255859375,-0.0909423828125,17:00:14.055962
2.0891599999999997,-0.0018310546875,-0.0018310546875,0.1318359375,-0.09033203125,17:00:14.060063
2.093171999999999,-0.001220703125,-0.001220703125,0.1312255859375,-0.0897216796875,17:00:14.064543
2.097187999999999,-0.0018310546875,-0.0018310546875,0.133056640625,-0.0909423828125,17:00:14.068235
2.101203999999999,-0.0006103515625,-0.0006103515625,0.1324462890625,-0.0897216796875,17:00:14.068235
2.1052280000000003,-0.0018310546875,-0.0018310546875,0.133056640625,-0.0885009765625,17:00:14.072333
2.1092519999999997,-0.0006103515625,-0.0006103515625,0.130615234375,-0.09033203125,17:00:14.076338
2.113263999999999,-0.0018310546875,-0.0018310546875,0.1324462890625,-0.0897216796875,17:00:14.080512
2.1172839999999997,-0.0018310546875,-0.0018310546875,0.130615234375,-0.089111328125,17:00:14.084612
2.121295999999999,-0.0006103515625,-0.0006103515625,0.1336669921875,-0.0897216796875,17:00:14.088711
2.1253079999999986,-0.0006103515625,-0.0006103515625,0.1318359375,-0.0897216796875,17:00:14.092729
2.129327999999999,-0.0018310546875,-0.0018310546875,0.133056640625,-0.089111328125,17:00:14.097465
2.1333520000000004,-0.001220703125,-0.001220703125,0.1318359375,-0.09033203125,17:00:14.100475
2.137364,-0.0018310546875,-0.0018310546875,0.1318359375,-0.09033203125,17:00:14.105477
2.14138,-0.0018310546875,-0.0018310546875,0.1324462890625,-0.09033203125,17:00:14.109480
2.1453919999999993,-0.0018310546875,-0.0018310546875,0.1324462890625,-0.0885009765625,17:00:14.113479
2.1494159999999987,-0.001220703125,-0.001220703125,0.1324462890625,-0.0909423828125,17:00:14.117388
2.1534359999999992,-0.00244140625,-0.00244140625,0.1336669921875,-0.09033203125,17:00:14.121462
2.1574600000000004,-0.0018310546875,-0.0018310546875,0.1318359375,-0.09033203125,17:00:14.125586
2.161479999999999,-0.001220703125,-0.001220703125,0.1336669921875,-0.09033203125,17:00:14.129660
2.1654999999999998,-0.001220703125,-0.001220703125,0.1318359375,-0.0897216796875,17:00:14.133670
2.169516,-0.001220703125,-0.001220703125,0.1324462890625,-0.0909423828125,17:00:14.137670
2.173539999999999,-0.0018310546875,-0.0018310546875,0.1336669921875,-0.0897216796875,17:00:14.141670
2.177555999999999,-0.001220703125,-0.001220703125,0.133056640625,-0.0909423828125,17:00:14.146191
2.181571999999999,0.0,0.0,0.1324462890625,-0.09033203125,17:00:14.150135
2.1855839999999986,-0.001220703125,-0.001220703125,0.1312255859375,-0.089111328125,17:00:14.154236
2.1895999999999987,-0.00244140625,-0.00244140625,0.1324462890625,-0.0897216796875,17:00:14.158956
2.193624,-0.001220703125,-0.001220703125,0.1324462890625,-0.089111328125,17:00:14.162433
2.19764,-0.0006103515625,-0.0006103515625,0.1324462890625,-0.0897216796875,17:00:14.166533
2.2016599999999986,-0.0006103515625,-0.0006103515625,0.133056640625,-0.0897216796875,17:00:14.170638
2.2056679999999993,-0.0030517578125,-0.0030517578125,0.1324462890625,-0.0897216796875,17:00:14.174740
2.209688,-0.00244140625,-0.00244140625,0.1324462890625,-0.09033203125,17:00:14.178891
2.213704,-0.00244140625,-0.00244140625,0.1336669921875,-0.0897216796875,17:00:14.182912
2.2177239999999987,-0.0018310546875,-0.0018310546875,0.1324462890625,-0.0897216796875,17:00:14.187012
2.2217399999999987,-0.0018310546875,-0.0018310546875,0.1336669921875,-0.09033203125,17:00:14.191521
2.225764,-0.001220703125,-0.001220703125,0.1318359375,-0.09033203125,17:00:14.195210
2.22978,-0.0030517578125,-0.0030517578125,0.1318359375,-0.089111328125,17:00:14.199214
2.233796,-0.0018310546875,-0.0018310546875,0.1318359375,-0.09033203125,17:00:14.203221
2.237812,-0.001220703125,-0.001220703125,0.1318359375,-0.0885009765625,17:00:14.207221
2.2418239999999994,-0.0030517578125,-0.0030517578125,0.1324462890625,-0.0897216796875,17:00:14.211221
2.2458479999999987,-0.001220703125,-0.001220703125,0.1318359375,-0.0897216796875,17:00:14.215218
2.24986,-0.00244140625,-0.00244140625,0.133056640625,-0.0897216796875,17:00:14.219786
2.2538799999999988,-0.001220703125,-0.001220703125,0.133056640625,-0.09033203125,17:00:14.224451
2.257892,-0.001220703125,-0.001220703125,0.1318359375,-0.0897216796875,17:00:14.227225
2.261911999999999,-0.0018310546875,-0.0018310546875,0.1324462890625,-0.09033203125,17:00:14.232230
2.2659319999999994,-0.0018310546875,-0.0018310546875,0.1318359375,-0.0897216796875,17:00:14.236239
2.2699479999999994,-0.00244140625,-0.00244140625,0.133056640625,-0.0897216796875,17:00:14.240234
2.2739639999999994,-0.001220703125,-0.001220703125,0.1324462890625,-0.0897216796875,17:00:14.244362
2.277987999999999,-0.0030517578125,-0.0030517578125,0.1324462890625,-0.0897216796875,17:00:14.248463
2.282003999999999,-0.0018310546875,-0.0018310546875,0.1318359375,-0.0909423828125,17:00:14.252536
2.2860239999999994,-0.0018310546875,-0.0018310546875,0.1324462890625,-0.089111328125,17:00:14.256361
2.290035999999999,-0.001220703125,-0.001220703125,0.1324462890625,-0.0897216796875,17:00:14.260365
2.294051999999999,-0.00244140625,-0.00244140625,0.1318359375,-0.089111328125,17:00:14.264364
2.298076,-0.001220703125,-0.001220703125,0.1318359375,-0.0885009765625,17:00:14.268364
2.3020879999999995,-0.001220703125,-0.001220703125,0.1318359375,-0.0897216796875,17:00:14.273038
2.306108,-0.0006103515625,-0.0006103515625,0.1324462890625,-0.089111328125,17:00:14.277134
2.310124,-0.0018310546875,-0.0018310546875,0.1318359375,-0.09033203125,17:00:14.281234
2.314143999999999,-0.001220703125,-0.001220703125,0.133056640625,-0.089111328125,17:00:14.285931
2.318168,-0.0006103515625,-0.0006103515625,0.1312255859375,-0.0897216796875,17:00:14.289410
2.322184,-0.0018310546875,-0.0018310546875,0.133056640625,-0.089111328125,17:00:14.289410
2.3262,-0.0018310546875,-0.0018310546875,0.1318359375,-0.089111328125,17:00:14.293514
2.330216,-0.00244140625,-0.00244140625,0.133056640625,-0.089111328125,17:00:14.297586
2.3342279999999995,-0.0018310546875,-0.0018310546875,0.1312255859375,-0.0885009765625,17:00:14.301687
2.3382439999999995,-0.001220703125,-0.001220703125,0.133056640625,-0.09033203125,17:00:14.305786
2.3422599999999996,-0.001220703125,-0.001220703125,0.1318359375,-0.0897216796875,17:00:14.309885
2.346271999999999,-0.0018310546875,-0.0018310546875,0.1336669921875,-0.089111328125,17:00:14.313987
2.350296,-0.00244140625,-0.00244140625,0.1312255859375,-0.0897216796875,17:00:14.318001
2.354312,-0.0018310546875,-0.0018310546875,0.1324462890625,-0.0897216796875,17:00:14.322000
2.358331999999999,-0.001220703125,-0.001220703125,0.1336669921875,-0.09033203125,17:00:14.326127
2.362347999999999,-0.0018310546875,-0.0018310546875,0.1336669921875,-0.089111328125,17:00:14.330136
2.3663679999999996,-0.001220703125,-0.001220703125,0.1318359375,-0.09033203125,17:00:14.334461
2.370391999999999,-0.0018310546875,-0.0018310546875,0.1324462890625,-0.0909423828125,17:00:14.338536
2.374407999999999,-0.001220703125,-0.001220703125,0.133056640625,-0.0909423828125,17:00:14.342661
2.378423999999999,-0.001220703125,-0.001220703125,0.133056640625,-0.0897216796875,17:00:14.347385
2.382439999999999,-0.001220703125,-0.001220703125,0.1336669921875,-0.0897216796875,17:00:14.350640
2.3864520000000002,-0.0018310546875,-0.0018310546875,0.1324462890625,-0.089111328125,17:00:14.354937
2.390471999999999,-0.0030517578125,-0.0030517578125,0.1324462890625,-0.0897216796875,17:00:14.358975
2.3944840000000003,-0.0018310546875,-0.0018310546875,0.1324462890625,-0.089111328125,17:00:14.363113
2.3984959999999997,-0.0018310546875,-0.0018310546875,0.133056640625,-0.09033203125,17:00:14.367212
2.402519999999999,-0.001220703125,-0.001220703125,0.1324462890625,-0.0909423828125,17:00:14.371312
2.4065320000000003,-0.0018310546875,-0.0018310546875,0.1324462890625,-0.0897216796875,17:00:14.375412
2.410551999999999,-0.0018310546875,-0.0018310546875,0.1324462890625,-0.0897216796875,17:00:14.380167
2.4145640000000004,-0.001220703125,-0.001220703125,0.1324462890625,-0.0897216796875,17:00:14.383167
2.418583999999999,-0.00244140625,-0.00244140625,0.1312255859375,-0.0897216796875,17:00:14.388167
2.4225959999999986,-0.0018310546875,-0.0018310546875,0.1324462890625,-0.089111328125,17:00:14.392167
2.426608,-0.001220703125,-0.001220703125,0.1324462890625,-0.0897216796875,17:00:14.395913
2.4306279999999987,-0.00244140625,-0.00244140625,0.1318359375,-0.0897216796875,17:00:14.400010
2.43464,-0.0006103515625,-0.0006103515625,0.1318359375,-0.09033203125,17:00:14.404083
2.4386599999999987,-0.0018310546875,-0.0018310546875,0.133056640625,-0.0897216796875,17:00:14.408805
2.4426799999999993,-0.001220703125,-0.001220703125,0.1324462890625,-0.089111328125,17:00:14.412285
2.4466959999999993,-0.001220703125,-0.001220703125,0.1324462890625,-0.09033203125,17:00:14.416991
2.4507079999999988,-0.0018310546875,-0.0018310546875,0.1324462890625,-0.09033203125,17:00:14.419990
2.4547279999999994,-0.0018310546875,-0.0018310546875,0.133056640625,-0.0897216796875,17:00:14.423990
2.4587439999999994,-0.0018310546875,-0.0018310546875,0.1324462890625,-0.0897216796875,17:00:14.427990
2.462755999999999,-0.0018310546875,-0.0018310546875,0.1324462890625,-0.09033203125,17:00:14.432786
2.4667759999999994,-0.0018310546875,-0.0018310546875,0.1312255859375,-0.09033203125,17:00:14.436887
2.4707999999999988,-0.0018310546875,-0.0018310546875,0.1318359375,-0.0897216796875,17:00:14.440708
2.4748199999999994,-0.001220703125,-0.001220703125,0.1318359375,-0.09033203125,17:00:14.444722
2.4788359999999994,-0.0018310546875,-0.0018310546875,0.133056640625,-0.09033203125,17:00:14.448761
2.4828519999999994,-0.001220703125,-0.001220703125,0.1324462890625,-0.0897216796875,17:00:14.452760
2.4868679999999994,-0.0018310546875,-0.0018310546875,0.133056640625,-0.09033203125,17:00:14.457362
2.4908839999999994,-0.00244140625,-0.00244140625,0.1318359375,-0.089111328125,17:00:14.461463
2.494904,-0.0018310546875,-0.0018310546875,0.1324462890625,-0.089111328125,17:00:14.465537
2.49892,-0.00244140625,-0.00244140625,0.1348876953125,-0.09033203125,17:00:14.469698
2.5029319999999995,-0.001220703125,-0.001220703125,0.1324462890625,-0.0897216796875,17:00:14.473713
2.506952,-0.0006103515625,-0.0006103515625,0.1318359375,-0.089111328125,17:00:14.477711
2.5109639999999995,-0.0030517578125,-0.0030517578125,0.1324462890625,-0.0897216796875,17:00:14.481781
2.514987999999999,-0.001220703125,-0.001220703125,0.1324462890625,-0.0885009765625,17:00:14.486012
2.519003999999999,-0.001220703125,-0.001220703125,0.1324462890625,-0.089111328125,17:00:14.490113
2.523028,-0.0018310546875,-0.0018310546875,0.1312255859375,-0.0897216796875,17:00:14.494187
2.527047999999999,-0.001220703125,-0.001220703125,0.133056640625,-0.0897216796875,17:00:14.498287
2.5310679999999994,-0.0018310546875,-0.0018310546875,0.1324462890625,-0.089111328125,17:00:14.503113
2.5350839999999994,-0.0018310546875,-0.0018310546875,0.133056640625,-0.089111328125,17:00:14.506125
2.539107999999999,-0.00244140625,-0.00244140625,0.1324462890625,-0.09033203125,17:00:14.506125
2.543123999999999,-0.00244140625,-0.00244140625,0.1318359375,-0.09033203125,17:00:14.510129
2.5471439999999994,-0.0018310546875,-0.0018310546875,0.1318359375,-0.0897216796875,17:00:14.514128
2.551155999999999,-0.0018310546875,-0.0018310546875,0.1324462890625,-0.089111328125,17:00:14.519125
2.555171999999999,-0.00244140625,-0.00244140625,0.1336669921875,-0.09033203125,17:00:14.522886
2.559196,-0.0018310546875,-0.0018310546875,0.1324462890625,-0.09033203125,17:00:14.526966
2.5632079999999995,-0.0018310546875,-0.0018310546875,0.1324462890625,-0.0909423828125,17:00:14.531037
2.56724,-0.001220703125,-0.001220703125,0.133056640625,-0.0897216796875,17:00:14.535091
2.571256,-0.0018310546875,-0.0018310546875,0.130615234375,-0.0897216796875,17:00:14.539090
2.575275999999999,-0.0018310546875,-0.0018310546875,0.1324462890625,-0.0909423828125,17:00:14.543094
2.5793,-0.0006103515625,-0.0006103515625,0.133056640625,-0.0897216796875,17:00:14.547606
2.5833199999999987,-0.001220703125,-0.001220703125,0.1336669921875,-0.09033203125,17:00:14.551535
2.5873359999999987,-0.0018310546875,-0.0018310546875,0.133056640625,-0.089111328125,17:00:14.555637
2.5913559999999993,-0.001220703125,-0.001220703125,0.1318359375,-0.089111328125,17:00:14.559711
2.5953719999999993,-0.0018310546875,-0.0018310546875,0.1324462890625,-0.09033203125,17:00:14.564342
2.5993879999999994,-0.0006103515625,-0.0006103515625,0.1318359375,-0.089111328125,17:00:14.567827
2.6034039999999994,-0.001220703125,-0.001220703125,0.1324462890625,-0.089111328125,17:00:14.572012
2.6074199999999994,-0.00244140625,-0.00244140625,0.1324462890625,-0.0885009765625,17:00:14.576111
2.611431999999999,-0.0018310546875,-0.0018310546875,0.1324462890625,-0.089111328125,17:00:14.580186
2.615447999999999,-0.0018310546875,-0.0018310546875,0.1336669921875,-0.0897216796875,17:00:14.584312
2.6194679999999995,-0.00244140625,-0.00244140625,0.1324462890625,-0.09033203125,17:00:14.588388
2.623488,-0.0018310546875,-0.0018310546875,0.1324462890625,-0.09033203125,17:00:14.592486
2.6274999999999995,-0.0018310546875,-0.0018310546875,0.1324462890625,-0.089111328125,17:00:14.597241
2.631523999999999,-0.00244140625,-0.00244140625,0.1318359375,-0.091552734375,17:00:14.600241
2.6355439999999994,-0.0018310546875,-0.0018310546875,0.1324462890625,-0.089111328125,17:00:14.604715
2.6395599999999995,-0.0018310546875,-0.0018310546875,0.1324462890625,-0.089111328125,17:00:14.608714
2.6435879999999994,-0.0018310546875,-0.0018310546875,0.133056640625,-0.0909423828125,17:00:14.612987
2.647599999999999,-0.001220703125,-0.001220703125,0.1336669921875,-0.0897216796875,17:00:14.617061
2.651624,-0.001220703125,-0.001220703125,0.1324462890625,-0.089111328125,17:00:14.621162
2.655643999999999,-0.0018310546875,-0.0018310546875,0.1324462890625,-0.0897216796875,17:00:14.625879
2.659656,-0.0018310546875,-0.0018310546875,0.1324462890625,-0.089111328125,17:00:14.629360
2.663672,-0.001220703125,-0.001220703125,0.1324462890625,-0.0909423828125,17:00:14.635044
2.6676839999999995,-0.0006103515625,-0.0006103515625,0.133056640625,-0.0897216796875,17:00:14.637043
2.671704,-0.001220703125,-0.001220703125,0.1336669921875,-0.0897216796875,17:00:14.641043
2.675723999999999,-0.001220703125,-0.001220703125,0.1324462890625,-0.0897216796875,17:00:14.645552
2.679739999999999,-0.001220703125,-0.001220703125,0.133056640625,-0.089111328125,17:00:14.649564
2.683764,-0.00244140625,-0.00244140625,0.133056640625,-0.09033203125,17:00:14.653938
2.687783999999999,-0.001220703125,-0.001220703125,0.1336669921875,-0.089111328125,17:00:14.657856
2.691799999999999,-0.0018310546875,-0.0018310546875,0.133056640625,-0.0897216796875,17:00:14.661756
2.695815999999999,-0.0006103515625,-0.0006103515625,0.1324462890625,-0.0897216796875,17:00:14.665757
2.699831999999999,-0.0018310546875,-0.0018310546875,0.1312255859375,-0.0897216796875,17:00:14.669755
2.703844,-0.0018310546875,-0.0018310546875,0.1318359375,-0.0909423828125,17:00:14.673755
2.7078679999999995,-0.0018310546875,-0.0018310546875,0.1324462890625,-0.09033203125,17:00:14.678508
2.711891999999999,-0.001220703125,-0.001220703125,0.1336669921875,-0.09033203125,17:00:14.682608
2.715904,-0.0018310546875,-0.0018310546875,0.1324462890625,-0.0909423828125,17:00:14.686741
2.71992,-0.0018310546875,-0.0018310546875,0.1324462890625,-0.0909423828125,17:00:14.690975
2.723939999999999,-0.001220703125,-0.001220703125,0.130615234375,-0.09033203125,17:00:14.694890
2.727955999999999,-0.0006103515625,-0.0006103515625,0.133056640625,-0.09033203125,17:00:14.698905
2.7319759999999995,-0.001220703125,-0.001220703125,0.1312255859375,-0.089111328125,17:00:14.702903
2.735999999999999,-0.0018310546875,-0.0018310546875,0.1324462890625,-0.0897216796875,17:00:14.706903
2.7400199999999995,-0.001220703125,-0.001220703125,0.133056640625,-0.09033203125,17:00:14.710903
2.744031999999999,-0.0018310546875,-0.0018310546875,0.133056640625,-0.0897216796875,17:00:14.714903
2.7480519999999995,-0.00244140625,-0.00244140625,0.133056640625,-0.09033203125,17:00:14.718903
2.7520679999999995,-0.00244140625,-0.00244140625,0.1324462890625,-0.0897216796875,17:00:14.723455
2.756079999999999,-0.0006103515625,-0.0006103515625,0.1318359375,-0.0885009765625,17:00:14.728319
2.760104,-0.0018310546875,-0.0018310546875,0.133056640625,-0.09033203125,17:00:14.728319
2.7641159999999996,-0.0006103515625,-0.0006103515625,0.1318359375,-0.09033203125,17:00:14.731756
2.7681319999999996,-0.0018310546875,-0.0018310546875,0.1318359375,-0.0909423828125,17:00:14.735881
2.7721479999999996,-0.0018310546875,-0.0018310546875,0.1324462890625,-0.089111328125,17:00:14.739887
2.7761639999999996,-0.001220703125,-0.001220703125,0.1324462890625,-0.0897216796875,17:00:14.744036
2.780187999999999,-0.0018310546875,-0.0018310546875,0.1324462890625,-0.0897216796875,17:00:14.748137
2.7842000000000002,-0.00244140625,-0.00244140625,0.1324462890625,-0.0897216796875,17:00:14.752201
2.788219999999999,-0.0030517578125,-0.0030517578125,0.1324462890625,-0.089111328125,17:00:14.756312
2.7922399999999996,-0.001220703125,-0.001220703125,0.1324462890625,-0.089111328125,17:00:14.760069
2.796251999999999,-0.003662109375,-0.003662109375,0.1312255859375,-0.0897216796875,17:00:14.764074
2.8002719999999997,-0.0018310546875,-0.0018310546875,0.133056640625,-0.0897216796875,17:00:14.768074
2.804283999999999,-0.0018310546875,-0.0018310546875,0.1324462890625,-0.0897216796875,17:00:14.773072
2.8083080000000002,-0.001220703125,-0.001220703125,0.1324462890625,-0.0897216796875,17:00:14.776786
2.812327999999999,-0.001220703125,-0.001220703125,0.1324462890625,-0.089111328125,17:00:14.780886
2.8163400000000003,-0.0018310546875,-0.0018310546875,0.1318359375,-0.09033203125,17:00:14.784986
2.8203560000000003,-0.0018310546875,-0.0018310546875,0.1324462890625,-0.09033203125,17:00:14.789707
2.8243679999999998,-0.0018310546875,-0.0018310546875,0.1312255859375,-0.0897216796875,17:00:14.793183
2.8283880000000003,-0.0018310546875,-0.0018310546875,0.133056640625,-0.089111328125,17:00:14.797262
2.8324039999999986,-0.0018310546875,-0.0018310546875,0.1318359375,-0.09033203125,17:00:14.801270
2.8364199999999986,-0.0030517578125,-0.0030517578125,0.1318359375,-0.0897216796875,17:00:14.805462
2.8404439999999997,-0.001220703125,-0.001220703125,0.1324462890625,-0.089111328125,17:00:14.809561
2.8444599999999998,-0.0006103515625,-0.0006103515625,0.1324462890625,-0.09033203125,17:00:14.813661
2.8484719999999992,-0.00244140625,-0.00244140625,0.1324462890625,-0.0897216796875,17:00:14.817682
2.8524959999999986,-0.0006103515625,-0.0006103515625,0.1318359375,-0.089111328125,17:00:14.821759
2.8565119999999986,-0.001220703125,-0.001220703125,0.1318359375,-0.089111328125,17:00:14.826597
2.860524,-0.0018310546875,-0.0018310546875,0.1318359375,-0.0909423828125,17:00:14.830060
2.86454,-0.0006103515625,-0.0006103515625,0.133056640625,-0.0897216796875,17:00:14.834163
2.868556,-0.001220703125,-0.001220703125,0.1336669921875,-0.0897216796875,17:00:14.838238
2.8725679999999993,-0.001220703125,-0.001220703125,0.1324462890625,-0.089111328125,17:00:14.842338
2.8765839999999994,-0.0018310546875,-0.0018310546875,0.1324462890625,-0.089111328125,17:00:14.846437
2.8805999999999994,-0.001220703125,-0.001220703125,0.1324462890625,-0.0909423828125,17:00:14.849961
2.88462,-0.001220703125,-0.001220703125,0.133056640625,-0.09033203125,17:00:14.853968
2.8886399999999988,-0.001220703125,-0.001220703125,0.1318359375,-0.09033203125,17:00:14.858964
2.8926679999999987,-0.0006103515625,-0.0006103515625,0.133056640625,-0.09033203125,17:00:14.862993
2.8966879999999993,-0.0018310546875,-0.0018310546875,0.1318359375,-0.09033203125,17:00:14.867531
2.9006999999999987,-0.00244140625,-0.00244140625,0.1318359375,-0.09033203125,17:00:14.871007
2.9047199999999993,-0.00244140625,-0.00244140625,0.1336669921875,-0.0897216796875,17:00:14.874611
2.9087359999999993,-0.00244140625,-0.00244140625,0.133056640625,-0.09033203125,17:00:14.878620
2.912747999999999,-0.0018310546875,-0.0018310546875,0.1324462890625,-0.09033203125,17:00:14.882620
2.9167679999999994,0.0,0.0,0.1324462890625,-0.0909423828125,17:00:14.886620
2.920776,-0.00244140625,-0.00244140625,0.1318359375,-0.09033203125,17:00:14.891512
2.9247879999999995,-0.001220703125,-0.001220703125,0.1318359375,-0.0897216796875,17:00:14.895070
2.9288039999999995,-0.0030517578125,-0.0030517578125,0.1318359375,-0.0897216796875,17:00:14.900306
2.932824,-0.001220703125,-0.001220703125,0.1324462890625,-0.09033203125,17:00:14.903784
2.936843999999999,-0.001220703125,-0.001220703125,0.1318359375,-0.0897216796875,17:00:14.907886
2.9408639999999995,-0.0018310546875,-0.0018310546875,0.1318359375,-0.0897216796875,17:00:14.911962
2.944887999999999,-0.0006103515625,-0.0006103515625,0.1312255859375,-0.089111328125,17:00:14.916087
2.9489079999999994,-0.001220703125,-0.001220703125,0.1318359375,-0.09033203125,17:00:14.920187
2.9529239999999994,-0.001220703125,-0.001220703125,0.1336669921875,-0.0897216796875,17:00:14.924195
2.956944,-0.001220703125,-0.001220703125,0.1324462890625,-0.09033203125,17:00:14.928221
2.96096,-0.0018310546875,-0.0018310546875,0.133056640625,-0.0897216796875,17:00:14.932218
2.9649719999999995,-0.001220703125,-0.001220703125,0.1318359375,-0.0897216796875,17:00:14.936233
2.968995999999999,-0.001220703125,-0.001220703125,0.133056640625,-0.09033203125,17:00:14.940232
2.973011999999999,-0.001220703125,-0.001220703125,0.133056640625,-0.0897216796875,17:00:14.944738
2.977024,-0.001220703125,-0.001220703125,0.133056640625,-0.0897216796875,17:00:14.944738
2.981043999999999,-0.0018310546875,-0.0018310546875,0.1318359375,-0.0909423828125,17:00:14.948885
2.985059999999999,-0.001220703125,-0.001220703125,0.133056640625,-0.09033203125,17:00:14.952911
2.989084,-0.00244140625,-0.00244140625,0.1318359375,-0.09033203125,17:00:14.956527
2.993103999999999,-0.00244140625,-0.00244140625,0.133056640625,-0.0909423828125,17:00:14.961741
2.997131999999999,-0.001220703125,-0.001220703125,0.133056640625,-0.09033203125,17:00:14.965209
3.0011519999999994,-0.00244140625,-0.00244140625,0.133056640625,-0.0909423828125,17:00:14.969723
3.005163999999999,-0.00244140625,-0.00244140625,0.1336669921875,-0.089111328125,17:00:14.973719
3.0091839999999994,-0.0018310546875,-0.0018310546875,0.1324462890625,-0.089111328125,17:00:14.977719
3.013195999999999,-0.0018310546875,-0.0018310546875,0.1324462890625,-0.089111328125,17:00:14.981720
3.017211999999999,-0.0018310546875,-0.0018310546875,0.133056640625,-0.0897216796875,17:00:14.985686
3.021227999999999,-0.0018310546875,-0.0018310546875,0.133056640625,-0.09033203125,17:00:14.989787
3.025252,-0.00244140625,-0.00244140625,0.1318359375,-0.0897216796875,17:00:14.994600
3.029268,-0.0006103515625,-0.0006103515625,0.1324462890625,-0.0885009765625,17:00:14.997601
3.033284,-0.0018310546875,-0.0018310546875,0.133056640625,-0.09033203125,17:00:15.001600
3.0373,-0.001220703125,-0.001220703125,0.133056640625,-0.0909423828125,17:00:15.006597
3.0413119999999996,-0.0018310546875,-0.0018310546875,0.1324462890625,-0.089111328125,17:00:15.010261
3.045323999999999,-0.001220703125,-0.001220703125,0.1324462890625,-0.0897216796875,17:00:15.014337
3.0493559999999995,-0.001220703125,-0.001220703125,0.1324462890625,-0.089111328125,17:00:15.018460
3.053376,-0.0018310546875,-0.0018310546875,0.1336669921875,-0.0897216796875,17:00:15.023236
3.0573879999999996,-0.0018310546875,-0.0018310546875,0.1324462890625,-0.089111328125,17:00:15.026252
3.061408,-0.0018310546875,-0.0018310546875,0.1336669921875,-0.0897216796875,17:00:15.030252
3.0654199999999996,-0.0018310546875,-0.0018310546875,0.1312255859375,-0.0897216796875,17:00:15.035260
3.0694359999999996,-0.0018310546875,-0.0018310546875,0.1318359375,-0.09033203125,17:00:15.039258
3.0734519999999996,-0.0018310546875,-0.0018310546875,0.133056640625,-0.0897216796875,17:00:15.043036
3.0774799999999995,-0.0018310546875,-0.0018310546875,0.1324462890625,-0.089111328125,17:00:15.047137
3.081491999999999,-0.0006103515625,-0.0006103515625,0.1312255859375,-0.09033203125,17:00:15.051237
3.0855119999999996,-0.0018310546875,-0.0018310546875,0.1312255859375,-0.09033203125,17:00:15.055987
3.089523999999999,-0.00244140625,-0.00244140625,0.1324462890625,-0.089111328125,17:00:15.059410
3.093539999999999,-0.0006103515625,-0.0006103515625,0.133056640625,-0.09033203125,17:00:15.063509
3.097555999999999,-0.001220703125,-0.001220703125,0.1324462890625,-0.089111328125,17:00:15.067516
3.1015800000000002,-0.001220703125,-0.001220703125,0.1336669921875,-0.0897216796875,17:00:15.071516
3.105599999999999,-0.001220703125,-0.001220703125,0.1324462890625,-0.0909423828125,17:00:15.075515
3.1096120000000003,-0.001220703125,-0.001220703125,0.1324462890625,-0.09033203125,17:00:15.079513
3.113631999999999,-0.001220703125,-0.001220703125,0.133056640625,-0.089111328125,17:00:15.083987
3.1176440000000003,-0.00244140625,-0.00244140625,0.133056640625,-0.0897216796875,17:00:15.088687
3.1216600000000003,-0.0030517578125,-0.0030517578125,0.1318359375,-0.0897216796875,17:00:15.092182
3.1256760000000003,-0.0018310546875,-0.0018310546875,0.1318359375,-0.0897216796875,17:00:15.096186
3.1296999999999997,-0.0018310546875,-0.0018310546875,0.133056640625,-0.089111328125,17:00:15.100187
3.1337159999999997,-0.00244140625,-0.00244140625,0.1318359375,-0.09033203125,17:00:15.104186
3.1377319999999997,-0.0018310546875,-0.0018310546875,0.1324462890625,-0.09033203125,17:00:15.108563
3.141743999999999,-0.0018310546875,-0.0018310546875,0.1324462890625,-0.0897216796875,17:00:15.112663
3.1457599999999992,-0.001220703125,-0.001220703125,0.1318359375,-0.0897216796875,17:00:15.116762
3.1497719999999987,-0.0018310546875,-0.0018310546875,0.1336669921875,-0.0897216796875,17:00:15.121507
3.153796,-0.00244140625,-0.00244140625,0.1324462890625,-0.09033203125,17:00:15.124520
3.1578159999999986,-0.0018310546875,-0.0018310546875,0.133056640625,-0.0909423828125,17:00:15.128521
3.161828,-0.0018310546875,-0.0018310546875,0.1324462890625,-0.09033203125,17:00:15.132519
3.1658519999999992,-0.0006103515625,-0.0006103515625,0.133056640625,-0.0897216796875,17:00:15.136532
3.1698639999999987,-0.00244140625,-0.00244140625,0.1318359375,-0.091552734375,17:00:15.141338
3.1738799999999987,-0.0018310546875,-0.0018310546875,0.1324462890625,-0.0897216796875,17:00:15.145438
3.1778959999999987,-0.0006103515625,-0.0006103515625,0.133056640625,-0.09033203125,17:00:15.149537
3.1819119999999987,-0.0030517578125,-0.0030517578125,0.1318359375,-0.0897216796875,17:00:15.154045
3.1859279999999988,-0.001220703125,-0.001220703125,0.133056640625,-0.0909423828125,17:00:15.157709
3.189943999999999,-0.0018310546875,-0.0018310546875,0.1324462890625,-0.0897216796875,17:00:15.161888
3.1939719999999987,-0.001220703125,-0.001220703125,0.1324462890625,-0.09033203125,17:00:15.165912
3.197984,-0.0018310546875,-0.0018310546875,0.1318359375,-0.0897216796875,17:00:15.165912
3.2020039999999987,-0.001220703125,-0.001220703125,0.133056640625,-0.089111328125,17:00:15.169983
3.206028,-0.001220703125,-0.001220703125,0.1324462890625,-0.089111328125,17:00:15.174087
3.2100479999999987,-0.001220703125,-0.001220703125,0.133056640625,-0.09033203125,17:00:15.178186
3.21406,-0.001220703125,-0.001220703125,0.1312255859375,-0.0897216796875,17:00:15.182196
3.2180799999999987,-0.001220703125,-0.001220703125,0.1336669921875,-0.09033203125,17:00:15.186193
3.2220959999999987,-0.001220703125,-0.001220703125,0.1318359375,-0.0909423828125,17:00:15.190192
3.226108,-0.0018310546875,-0.0018310546875,0.1324462890625,-0.09033203125,17:00:15.194560
3.230124,-0.001220703125,-0.001220703125,0.1324462890625,-0.0897216796875,17:00:15.198662
3.2341479999999994,-0.001220703125,-0.001220703125,0.133056640625,-0.09033203125,17:00:15.202761
3.2381639999999994,-0.0018310546875,-0.0018310546875,0.133056640625,-0.089111328125,17:00:15.206885
3.2421799999999994,-0.0018310546875,-0.0018310546875,0.1324462890625,-0.0897216796875,17:00:15.210961
3.2461959999999994,-0.0018310546875,-0.0018310546875,0.1318359375,-0.089111328125,17:00:15.215973
3.250207999999999,-0.0018310546875,-0.0018310546875,0.1336669921875,-0.089111328125,17:00:15.219066
3.2542279999999995,-0.00244140625,-0.00244140625,0.1324462890625,-0.0897216796875,17:00:15.222972
3.258251999999999,-0.0018310546875,-0.0018310546875,0.1318359375,-0.0909423828125,17:00:15.227119
3.2622719999999994,-0.0018310546875,-0.0018310546875,0.1318359375,-0.0909423828125,17:00:15.231436
3.266283999999999,-0.0018310546875,-0.0018310546875,0.13427734375,-0.0897216796875,17:00:15.235511
3.2703039999999994,-0.00244140625,-0.00244140625,0.1324462890625,-0.089111328125,17:00:15.239611
3.2743199999999995,-0.00244140625,-0.00244140625,0.1324462890625,-0.089111328125,17:00:15.243712
3.278331999999999,-0.001220703125,-0.001220703125,0.133056640625,-0.0909423828125,17:00:15.248216
3.2823519999999995,-0.00244140625,-0.00244140625,0.133056640625,-0.09033203125,17:00:15.251908
3.286375999999999,-0.001220703125,-0.001220703125,0.1324462890625,-0.0885009765625,17:00:15.255986
3.290388,0.0,0.0,0.1324462890625,-0.0897216796875,17:00:15.260086
3.294404,-0.001220703125,-0.001220703125,0.133056640625,-0.09033203125,17:00:15.264208
3.2984159999999996,-0.0018310546875,-0.0018310546875,0.1312255859375,-0.089111328125,17:00:15.268213
3.3024319999999996,-0.0018310546875,-0.0018310546875,0.1318359375,-0.089111328125,17:00:15.272411
3.3064479999999996,-0.0018310546875,-0.0018310546875,0.1324462890625,-0.0897216796875,17:00:15.276487
3.3104759999999995,-0.001220703125,-0.001220703125,0.1324462890625,-0.0897216796875,17:00:15.281225
3.314496,-0.00244140625,-0.00244140625,0.1324462890625,-0.09033203125,17:00:15.285225
3.3185079999999996,-0.001220703125,-0.001220703125,0.1312255859375,-0.0897216796875,17:00:15.289222
3.322528,-0.001220703125,-0.001220703125,0.1318359375,-0.0897216796875,17:00:15.293222
3.3265399999999996,-0.00244140625,-0.00244140625,0.1318359375,-0.0897216796875,17:00:15.296220
3.3305559999999996,-0.0018310546875,-0.0018310546875,0.1318359375,-0.0897216796875,17:00:15.301056
3.3345719999999996,-0.00244140625,-0.00244140625,0.133056640625,-0.089111328125,17:00:15.305156
3.3385999999999996,-0.00244140625,-0.00244140625,0.1324462890625,-0.0897216796875,17:00:15.309256
3.342611999999999,-0.0018310546875,-0.0018310546875,0.133056640625,-0.09033203125,17:00:15.313265
3.3466319999999996,-0.0018310546875,-0.0018310546875,0.1324462890625,-0.089111328125,17:00:15.317266
3.350643999999999,-0.00244140625,-0.00244140625,0.133056640625,-0.09033203125,17:00:15.321265
3.354659999999999,-0.0018310546875,-0.0018310546875,0.1318359375,-0.0909423828125,17:00:15.325636
3.3586799999999997,-0.00244140625,-0.00244140625,0.1318359375,-0.0909423828125,17:00:15.329737
3.362703999999999,-0.0006103515625,-0.0006103515625,0.1324462890625,-0.0897216796875,17:00:15.333884
3.3667239999999996,-0.001220703125,-0.001220703125,0.1324462890625,-0.089111328125,17:00:15.337939
3.370735999999999,-0.001220703125,-0.001220703125,0.1324462890625,-0.0897216796875,17:00:15.342178
3.3747559999999996,-0.001220703125,-0.001220703125,0.133056640625,-0.0909423828125,17:00:15.346133
3.378767999999999,-0.0018310546875,-0.0018310546875,0.1324462890625,-0.09033203125,17:00:15.350144
