Time,Force,Position
10.860467999999996,0.0,0.0
10.862848,0.0,0.0
10.865248,0.0,0.0
10.867635999999996,0.0,0.0
10.870016,0.0,0.0
10.872411999999995,0.0,0.0
10.874803999999996,0.0017475610588799113,0.0
10.877184,0.0024241869311212917,0.0
10.879579999999995,0.0024241869311212917,0.0
10.881968,0.002424186931121292,0.0
10.884352,0.002424186931121292,0.0
10.886752,0.002424186931121292,0.0
10.889136,0.002424186931121292,0.0
10.89152,0.002424186931121292,0.0
10.89392,0.002424186931121292,0.0
10.896307999999998,0.002424186931121292,0.0
10.898688,0.002424186931121292,0.0
10.901088,0.002424186931121292,0.0
10.903475999999998,0.002424186931121292,0.0
10.905859999999995,0.002424186931121292,0.0
10.908256000000002,0.002424186931121292,0.0
10.910648000000002,0.002424186931121292,0.0
10.913032,0.002424186931121292,0.0
10.915428,0.002424186931121292,0.0
10.917816000000002,0.002424186931121292,0.0
10.9202,0.002424186931121292,0.0
10.922596,0.0006766258722413808,0.0
10.924984000000002,0.0,0.0
10.927363999999995,0.0,0.0
10.929764,0.0,0.0
10.932152000000002,0.0,0.0
10.934536,0.0,0.0
10.936932,0.002027100312600332,0.0
10.939320000000002,0.006196070998477725,0.0
10.941704,0.010644580938075536,0.0
10.9441,0.01523286050453356,0.0
10.946488000000002,0.020892075257630115,0.0
10.948872,0.027761994824225412,0.0
10.951268,0.03542331032373881,0.0
10.953656000000002,0.04308462582325222,0.0
10.956040000000002,0.05046640206904521,0.0
10.958436,0.05877934387461651,0.0
10.960823999999995,0.06481064568005054,0.0
10.963208000000002,0.07284404823190142,0.0
10.965604,0.08260001227644873,0.0
10.967991999999995,0.09328714188077436,0.0
10.970371999999998,0.10183240111182294,0.0
10.972772,0.11331092664906668,0.0
10.975159999999995,0.12478945218631042,0.0
10.977544000000002,0.13547658179063607,0.0
10.97994,0.14523254583518336,0.0
10.982332,0.15391757469309217,0.0
10.984712000000002,0.1604357336115404,0.0
10.987111999999996,0.16187875585051642,0.0
10.9895,0.1629024692089118,0.0
10.991884,0.16443803924650485,0.0
10.994279999999996,0.16830057525460912,0.0
10.996671999999997,0.17746866950979362,0.0
10.999052,0.198877893953218,0.0
11.001452,0.2435605698174927,0.007532396094169124
11.003839999999997,0.3193381086331817,0.014784360948537939
11.006223999999996,0.4236512270042966,0.02165560608869461
11.00862,0.5487257352285164,0.028535512513334575
11.011012,0.6771471310659043,0.03606354558799145
11.013396,0.8169691434725017,0.04404334560925467
11.015816,0.9881655580842339,0.05172844576660016
11.018203999999995,1.1964178119162567,0.05903347738378114
11.020587999999996,1.4172832829888573,0.06637964043934232
11.022984,1.6517856846604304,0.0738586310129451
11.025371999999996,1.9078389762601575,0.08138661031209514
11.027755999999997,2.1890280504002915,0.08890931306275604
11.030152,2.4970301426031547,0.09633169873916712
11.032539999999996,2.8232796672335088,0.10370821923419266
11.034923999999997,3.164376827276334,0.11119662283118739
11.03732,3.524091610941118,0.11876886801315972
11.039707999999996,3.9089421771463098,0.1263239546842211
11.042091999999997,4.314321815779128,0.1337885395410956
11.044488,4.726079843703537,0.14120074025331938
11.046875999999996,5.1221969444246875,0.14870138538441016
11.049256,5.495692220031046,0.14867142564738817
11.051656,5.831249608543447,0.14896479344983923
11.054043999999998,6.124583473357467,0.14979055846410788
11.056427999999997,6.397994566079545,0.15061140710028623
11.058824,6.674624151935146,0.15063456674940964
11.061211999999998,6.939248716743721,0.15015257237939056
11.063595999999997,7.160440948898287,0.15007055987232046
11.065992,7.33037754101041,0.15057270283070362
11.068379999999998,7.483556944762261,0.15106130440816584
11.070763999999995,7.624682209780975,0.15140540872894284
11.07316,7.742766340804317,0.15174862322726365
11.075547999999998,7.8430714659668626,0.15197588346854018
11.077931999999995,7.914189385267922,0.1523404645291534
11.08034,7.962077283260636,0.1528764528032595
11.082727999999996,8.003450814050643,0.15326595955092961
11.085111999999995,8.033004419390858,0.15347402036986854
11.087511999999997,8.037516685847155,0.1536270701464634
11.0899,8.013912681628604,0.15387523902254943
11.092284,7.972059349124691,0.15427600877044081
11.094684,7.936259540688271,0.15455092330711842
11.097071999999995,7.896782291840982,0.15483971054250228
11.099468000000002,7.866616698591476,0.1550078740655676
11.101867999999996,7.850278819111783,0.15500450398113952
11.104256,7.836267905602604,0.1550220394572612
11.10664,7.818809973250161,0.15517194101145476
11.109035999999996,7.807683208361063,0.15527722301048597
11.111424,7.812106718734477,0.1551956426540536
11.113808,7.833151439557041,0.1548964387032269
11.116208,7.857641283364997,0.15456173719358055
11.118595999999997,7.883434379785071,0.15423274426438102
11.120976,7.915001461018917,0.1537883682519636
11.123376,7.93073872773653,0.15355129026405032
11.125763999999997,7.944753432961448,0.1533277292291247
11.128147999999996,7.965892597440498,0.15294795560173732
11.130547999999996,7.982702695202619,0.15258415128232325
11.132936,7.991970920687897,0.1522937319033801
11.13532,7.992392125426347,0.15216934471465526
11.137720000000002,7.990577016135034,0.1521573791111139
11.140107999999998,7.99365005206809,0.1521040959085365
11.142491999999995,8.002170311732955,0.15198381270872574
11.144888000000002,8.019071061435827,0.15175271635113818
11.147275999999998,8.029546200018865,0.15163878741420495
11.149659999999995,8.03573759785535,0.1516024263786947
11.152056000000002,8.041928995691835,0.1515657616362728
11.154443999999998,8.045421340505472,0.15149375435814824
11.156827999999996,8.04393299229612,0.15143161304932523
11.159224000000002,8.032201822929208,0.15150085073471692
11.161616000000002,8.018980409495077,0.15160991931176188
11.163995999999996,8.004688060874308,0.15173737548846034
11.166396,7.99151386926842,0.15180818077179634
11.168784000000002,7.971821518744086,0.15195991924032298
11.171168000000002,7.958739874936814,0.15206232954658114
11.173564,7.954922664899085,0.15208105799212238
11.175956,7.954363586391644,0.1521084500853215
11.178336000000002,7.96125383236243,0.1520426985526163
11.180735999999996,7.97065803575883,0.15195653439018458
11.183124,7.989513664379874,0.15174542560879528
11.185504000000002,8.017308861546363,0.15139710397292278
11.187903999999996,8.055441323526901,0.15085625453833698
11.190292,8.083006099125782,0.15040036792847117
11.192676,8.097814096141487,0.1500904182498917
11.195076,8.118209086515861,0.14971078614239283
11.197463999999997,8.147264106181963,0.14921643164020323
11.199847999999996,8.181581253982639,0.14861081734491344
11.202247999999996,8.213104905103979,0.14804279926178102
11.204636,8.23657293141141,0.14762421326489367
11.20702,8.267163521115105,0.14716056302261302
11.20942,8.303852960856664,0.14664071258082662
11.211807999999998,8.347107781344917,0.1460183342092504
11.214196,8.388407722914998,0.14540008491975379
11.216592,8.432501161164412,0.14474739980706425
11.218984,8.481110657585857,0.14404496914780715
11.221364,8.52548363508899,0.14338174635514392
11.223763999999996,8.569718738823136,0.1426431081779294
11.22616,8.600173350615707,0.14202726260718426
11.228547999999996,8.626623760915445,0.14146604444151273
11.230947999999998,8.655308589387078,0.14090458778557577
11.233336,8.684924583418487,0.14033843111126504
11.235728000000002,8.704437525919197,0.1398853059953935
11.238124,8.729118152897994,0.13939504196116506
11.240516,8.763575070325532,0.13884492191224942
11.242903999999996,8.798776161857742,0.13832770188632534
11.245303999999996,8.830532130404562,0.13784414230466124
11.247692,8.855909709659791,0.1374272833670574
11.250079999999995,8.878354022608828,0.13704291952274328
11.252476,8.913183027088703,0.13652513142520076
11.254863999999998,8.950992519703012,0.13594617428510822
11.257260000000002,8.9839610889212,0.13536588087392
11.259667999999998,9.004592188436792,0.13488780698116304
11.262056,9.01851813757883,0.13451047114209164
11.264452,9.03519036157196,0.13413993494906057
11.266852,9.05321306000545,0.13374578884002236
11.269239999999996,9.074588333625716,0.13330382672599844
11.271636,9.087256356126016,0.13298662169459793
11.274031999999998,9.106767402768856,0.13265317414385436
11.276420000000002,9.131306364262924,0.13229069797581092
11.278816,9.149606706092264,0.1319785755252626
11.281219999999998,9.165160773070514,0.13166303114684252
11.283608,9.179224595981545,0.13137887474992815
11.286007999999995,9.186862807772743,0.13118193464930805
11.288407999999995,9.193477306205548,0.13096860740698843
11.290807999999998,9.195622968294563,0.1307604507279652
11.293203999999996,9.193392341838408,0.13058355417685943
11.295595999999996,9.189391932061312,0.1304495524354307
11.297992,9.192281768255006,0.13027003329747877
11.300392000000002,9.18572017922405,0.1301821344378982
11.302779999999998,9.172360892020928,0.1301645703180002
11.305175999999996,9.158023217429786,0.13018680202223953
11.307575999999996,9.146943674368933,0.1302250010479075
11.309964,9.14638649171936,0.13015814732748685
11.312359999999998,9.143874430151616,0.13008226694254751
11.31476,9.135915144852062,0.13005086542262184
11.317147999999996,9.120226995820559,0.13009788765016078
11.319531999999995,9.111196775334365,0.13008040918964964
11.321931999999997,9.100863302236055,0.1300565659874011
11.32432,9.086433079846294,0.13005120445169796
11.326704,9.078009159695785,0.12997862637152252
11.329099999999997,9.069026161037836,0.129928595299196
11.331491999999995,9.062976428686081,0.12984807128856282
11.333872,9.057997631520962,0.12975338134978773
11.336272,9.051808129542346,0.129678394223512
11.338659999999996,9.050134685735763,0.12956770654785876
11.341043999999997,9.054979400847628,0.12939979081571829
11.34344,9.066109957452463,0.12915517481263863
11.345832,9.071001894392571,0.1289564445872256
11.348216,9.079898032825511,0.12871356535786346
11.350611999999998,9.094520934243983,0.12841685827462074
11.353000000000002,9.11142547566259,0.12808736402355145
11.355379999999997,9.130239570029,0.12770967730604826
11.357779999999998,9.141883879170901,0.12738784288458807
11.360168000000002,9.155110980178643,0.1270629862354761
11.362552,9.174996009731688,0.12667890319116476
11.364947999999998,9.203820607830181,0.12620236777423552
11.36734,9.22798937812978,0.12576655063356385
11.36972,9.252297918056243,0.12532621206857647
11.372119999999995,9.277397853915623,0.12488280898764591
11.374508,9.300355919401724,0.12446977099346494
11.376891999999998,9.322662358581766,0.12405348373681557
11.379287999999995,9.343246236269115,0.12364788098207317
11.381679999999996,9.369184789889657,0.12317822702603597
11.384064000000002,9.397544753137193,0.12267420407632791
11.38646,9.422319823772478,0.1221958297664348
11.388852,9.438714404369758,0.12178512324211051
11.391236,9.448311286794869,0.12143852915385964
11.393631999999997,9.46619611145937,0.12100251780242062
11.396023999999995,9.481007900190813,0.1205993933671282
11.398407999999996,9.491024091496504,0.12023915953256699
11.400804,9.49996934761556,0.11989252437608641
11.403191999999995,9.508774834107752,0.11955201372072503
11.405575999999996,9.516090076532725,0.11923880282843667
11.407975999999998,9.517678555972168,0.11897375262335662
11.410364,9.515262833918777,0.11874929347531914
11.412748,9.51056547186525,0.11855618653440356
11.415143999999998,9.507870210558144,0.11834348671917919
11.417535999999998,9.5011707477582,0.11816883276861333
11.419916,9.494611054585114,0.11798848992658269
11.422316000000002,9.483395533613141,0.1178427538442471
11.4247,9.470177911894748,0.11771603601453327
11.427084,9.458962390922773,0.11756954300327983
11.429484000000002,9.443602898831104,0.11746666899231065
11.431871999999998,9.423959665992882,0.11741235046532278
11.434255999999998,9.404968059460714,0.11736175428177827
11.436652000000002,9.392354842220136,0.11726798898054404
11.43904,9.381464186472256,0.11716558338605791
11.441432,9.359492091805652,0.11717114475219778
11.443827999999996,9.338590932325687,0.11716447609081979
11.446219999999997,9.321554204711695,0.11712421774622413
11.448603999999996,9.302655145978145,0.1170975486923887
11.451003999999998,9.282824921684819,0.11707722811285165
11.453392,9.269420308511325,0.11698281518574337
11.455776,9.26309293276372,0.11681879387954125
11.458171999999998,9.252901125150139,0.11668704079342365
11.460563999999998,9.237262093804748,0.1165905490795941
11.462944,9.219481192086082,0.11651832857849162
11.465344000000002,9.207566822979807,0.11639394582208924
11.467731999999998,9.199097576858923,0.11625314325990554
11.470115999999996,9.193421827417374,0.11609135196690773
11.472512000000002,9.193612610588216,0.11587790767419151
11.474899999999998,9.191381984132061,0.1156998419250219
11.477283999999996,9.192224393608958,0.11549106336108961
11.479684,9.193206572712722,0.11527609354902918
11.482076,9.196470391816618,0.11503160680767183
11.484456000000002,9.197871879800957,0.11480120410287613
11.486855999999996,9.200623842225657,0.11454791506318576
11.489247999999996,9.21310676912872,0.11421170259321071
11.491628,9.225729465658645,0.11386983592807001
11.494028,9.235418895882374,0.11355421238636193
11.496415999999996,9.251254397972211,0.11317957065226222
11.498799999999996,9.26587919524855,0.11282137527180071
11.501199999999995,9.27528908621856,0.11251856308068765
11.503588,9.278692674949317,0.1122710220100549
11.505972,9.288242335546187,0.11196340988556473
11.508367999999995,9.301376888755305,0.11163446881735499
11.510759999999998,9.317864017151205,0.11126513233439612
11.51314,9.333699519241044,0.11089407807294357
11.51554,9.344507106479654,0.11054024245987411
11.517932000000002,9.359458664837959,0.11014728276557598
11.520316,9.371756496143789,0.10977015517291414
11.522715999999996,9.384613405957056,0.10937148292640246
11.525104,9.395607984650772,0.10898690761943121
11.527491999999995,9.40874443371776,0.10857955350077007
11.529888,9.42174111315789,0.10817934836141202
11.53228,9.43594849741152,0.10776404162514874
11.534664,9.452018212784706,0.10733914658085743
11.537064,9.462081625918637,0.1069663420575754
11.539456,9.472145039052572,0.10659334200728232
11.54184,9.484070783306061,0.10620927130151256
11.544235999999998,9.492643952372777,0.1058658877929377
11.546627999999998,9.505361092559184,0.10548511612372179
11.549011999999998,9.51886962867851,0.10510287475531757
11.55142,9.53624259666381,0.1046926809385077
11.553812,9.550123219835474,0.10432620672213481
11.556191999999996,9.565074778193775,0.10395014001666496
11.558591999999996,9.5796070276715,0.10359120878833106
11.56098,9.592928572335722,0.1032493346736081
11.563364,9.609415700731617,0.10290600453947307
11.565764,9.622690023567596,0.10259611648170808
11.568156000000002,9.634194563082637,0.1023219639418977
11.57054,9.65021516076971,0.10202819054611013
11.572947999999997,9.667678780695756,0.10174036776677838
11.575336,9.68551448767414,0.10146824122102903
11.577723999999996,9.701348093906109,0.10121207703647334
11.580123999999998,9.712897959391524,0.1009963162796465
11.582512,9.720024314503524,0.10082630497400892
11.584899999999998,9.7310151014815,0.10063102565155868
11.587296000000002,9.743448910698449,0.10044073749562799
11.589687999999995,9.755882719915402,0.10025130735732475
11.592076,9.763241392452878,0.10010157556654042
11.594471999999996,9.771111921669556,0.09996286792346508
11.596863999999997,9.781775947565567,0.09980949470277362
11.599252,9.794022765327416,0.09965718306850412
11.601647999999996,9.8073405182759,0.09949490330248519
11.604039999999998,9.821170127903583,0.09934334191876876
11.606428,9.83285786715799,0.0992114946747882
11.608823999999998,9.84305536234518,0.09910406003492482
11.611216,9.852321691972588,0.09900176331386885
11.613616,9.860237547159638,0.09891890357329014
11.616011999999998,9.868432941600409,0.09882601242333623
11.618403999999998,9.87048226417507,0.09878209662957416
11.620799999999996,9.869598320443535,0.09875761721431413
11.623207999999998,9.868062750405942,0.09872822720687177
11.6256,9.867318576301265,0.09869887305516821
11.628008,9.874582805182259,0.09861202951424872
11.63042,9.887061940369584,0.09848227115371087
11.632812,9.89860990999713,0.09835807427845233
11.635219999999997,9.910577188505256,0.09822000362451573
11.637616,9.92361540220002,0.09807346412496029
11.640015999999996,9.9427996877609,0.09787974496976368
11.642415999999995,9.958259311082664,0.09770520267116291
11.644807999999998,9.97292753847151,0.09753144520643692
11.647208,9.9840108732481,0.09737177080053756
11.649616000000002,9.996304912838191,0.09719861496071076
11.652008000000002,10.008226865375944,0.09701199751192256
11.654392,10.02429278903339,0.09679426525730335
11.656788,10.044642453437392,0.09654090498967563
11.659171999999998,10.063781413027893,0.09630103326203636
11.661552,10.083199911872116,0.09605113048920279
11.663944,10.105831216276256,0.09577488784335253
11.666331999999995,10.129161368814696,0.09547407913835362
11.668712,10.153981765420355,0.09515022394571292
11.671115999999998,10.181083802026151,0.09480549745765457
11.673499999999995,10.209536313072308,0.09444368168215174
11.67588,10.231330895573155,0.09411899621899424
11.678283999999998,10.251402916581306,0.09380061746989952
11.680672,10.270543772029676,0.09348731503334821
11.683048,10.291826497851325,0.09315909528903106
11.685456000000002,10.30910502218014,0.09285693253436546
11.687843999999998,10.32372981945648,0.09256347189047716
11.690224,10.339844860800039,0.09224801317695962
11.692619999999998,10.3542373406509,0.09193654522040665
11.695003999999996,10.369560986061542,0.09162118312000771
11.697384,10.386095336285683,0.091294721719903
11.699779999999995,10.398485715390128,0.09099741800069658
11.702168,10.408222367442102,0.09070876509872634
11.704547999999996,10.415305292441598,0.09042847235402388
11.706944,10.426579410389033,0.09009286634585831
11.709331999999996,10.443347973896518,0.08971369545749323
11.711728,10.455320939978254,0.08935786848844453
11.714123999999998,10.473020669045521,0.08897740327702343
11.716512000000002,10.488718297366368,0.08860869259000384
11.718891999999997,10.498130084194244,0.08828363014685917
11.721288,10.505539770275705,0.0879707216467838
11.723675999999998,10.510667816357028,0.08767676026632844
11.726056,10.512862596132157,0.08739809890073164
11.728451999999995,10.514405749601227,0.08711410801225716
11.73084,10.51287586713724,0.08685056814660205
11.733219999999996,10.512836228740474,0.08656530044741627
11.735616,10.511446115903349,0.086296257214309
11.738003999999997,10.509636694185643,0.08604071887778038
11.7404,10.505964941348381,0.0857913393714822
11.742795999999998,10.501501792578203,0.08554082578474892
11.745179999999998,10.493034442315189,0.08531285807472312
11.747563999999995,10.486708962425453,0.08506847823348523
11.749960000000002,10.479312547349075,0.08483175396322318
11.752344,10.469914031526283,0.08460580286610818
11.754723999999996,10.456743631636133,0.08442077468463453
11.757123999999996,10.436356224693235,0.08428040747629861
11.759507999999997,10.420345106295509,0.08413231544534966
11.761891999999996,10.395254649725475,0.08403497531668849
11.764288,10.36974488427486,0.08395058406269176
11.766675999999997,10.351452125876994,0.08382106637023234
11.769072,10.332879828225408,0.08370003425978881
11.771468,10.320453602439935,0.08354169108651469
11.773851999999998,10.310820873333796,0.0833734907068225
11.776235999999995,10.299977439414159,0.08321685225251947
11.778632000000002,10.287783531054163,0.08307649351886576
11.781019999999998,10.276101479373363,0.08294594743649289
11.7834,10.264698966946286,0.08280606260346345
11.785804,10.252225519332567,0.08267357963821757
11.788192000000002,10.246270230637299,0.08251918366869368
11.790571999999996,10.24003540268831,0.08237339148207581
11.792968000000002,10.237105928097852,0.08222849468699056
11.795355999999998,10.233105518320759,0.08209079028182457
11.797736,10.226823468543527,0.08197218311361844
11.800131999999998,10.227711203990799,0.08183828641992859
11.80252,10.228598939438074,0.0817042300956614
11.804899999999996,10.229858761937685,0.08158428960327554
11.807299999999998,10.226742295892125,0.08147074670867306
11.809688,10.229212823205234,0.08133829417717017
11.812072,10.236618717570957,0.08118171946110764
11.814467999999998,10.240160180070706,0.08104249868950497
11.816856,10.243841412197314,0.08089865622840003
11.819235999999997,10.246172169883563,0.08077169109329228
11.821640000000002,10.245709430890479,0.0806536508341535
11.824027999999998,10.247900418949868,0.08053111701732882
11.826408,10.252652586263116,0.08038073532905177
11.828803999999998,10.254331717643307,0.08024766854761238
11.831192,10.262389238315086,0.0800992111801562
11.833571999999997,10.272728398987002,0.07993203857079204
11.835975999999995,10.27626986148675,0.07979411416442389
11.838364,10.282092963986637,0.07963750862908318
11.840747999999998,10.28367954756821,0.07948183341182505
11.843143999999995,10.292994994881733,0.0792959146169355
11.845532,10.306454413314947,0.07908555414337307
11.847912,10.31181288096388,0.07889222264146176
11.850307999999998,10.31903367973237,0.07869362684548392
11.852696000000002,10.328024261821797,0.07846563355816959
11.85508,10.344603938016311,0.07821263458925143
11.857475999999998,10.363093167158626,0.0779282122318933
11.859864000000002,10.377206107755768,0.07764928643448116
11.862243999999995,10.391691135405248,0.07738510675633724
11.86464,10.407386867868224,0.07711000728423861
11.867027999999998,10.425364240331342,0.07681856288874751
11.869411999999995,10.445995339846936,0.07652404316769736
11.871808,10.46425225156377,0.07622454327073876
11.874195999999998,10.478225422534052,0.0759522971502435
11.876591999999995,10.494480233504474,0.07566129519895988
11.878988,10.506218986302862,0.07538037580583519
11.881375999999996,10.517678199847529,0.07510903971325208
11.883759999999995,10.532489988578972,0.07481306624849361
11.886156,10.548232942870193,0.07451639547878992
11.888543999999996,10.569842429773807,0.07419798175266244
11.890923999999998,10.579206994773442,0.07391456746833999
11.893319999999996,10.58563829346688,0.07364239254252002
11.895708,10.590347030667623,0.07336895966738981
11.898091999999998,10.593472976002529,0.07309192676366623
11.900487999999996,10.601394518763188,0.07280071197625955
11.902872000000002,10.603868837792035,0.07252010317303738
11.905256,10.604992682380525,0.0722554070376897
11.907652,10.613053994768043,0.07196489952384169
11.910040000000002,10.622885090476501,0.07164819039712482
11.912419999999996,10.636580618050932,0.07132125800052165
11.914816000000002,10.64683102263997,0.07099551259753191
11.917203999999998,10.658292132042508,0.07066107336592527
11.919596,10.67254673812438,0.07032133306930145
11.921999999999995,10.689082984206388,0.06996476881435101
11.924388,10.707621331034813,0.06960115651817399
11.926767999999996,10.723505950810765,0.06923879276898928
11.929175999999998,10.735945447601322,0.06887555073965984
11.931559999999998,10.748896801071082,0.06852371789657892
11.933943999999997,10.75998582342128,0.06817681835205862
11.93634,10.765208313159091,0.0678490939885772
11.938727999999998,10.782815494427739,0.06749129856220377
11.941111999999997,10.805637582002719,0.06711020391673486
11.943508,10.833906893309509,0.06672261367059344
11.945895999999998,10.864969701295633,0.06633172240211856
11.948276,10.889514350363312,0.06595407113952198
11.950671999999996,10.910566654617353,0.06560022026413352
11.95306,10.92789429663228,0.06525295058911412
11.955444,10.934931895661403,0.06494990428402533
11.957839999999996,10.93875668913061,0.06466370399160189
11.960228,10.937646115547205,0.06439395167434693
11.962612,10.934114132336802,0.06414238833426587
11.965007999999996,10.925786551700648,0.06390182436472668
11.967396,10.918390136624273,0.06366047089206138
11.969775999999996,10.913135591921176,0.06340854233130326
11.972175999999996,10.908020816844937,0.06315320367181342
11.974564,10.90877257438109,0.0628824880367903
11.976943999999996,10.912317828596576,0.0626076123581662
11.97934,10.916422161319504,0.06231789759355382
11.981727999999997,10.918524393296014,0.06203437124172695
11.984108,10.924491057138498,0.061742010489189376
11.986508,10.923660022808813,0.06146719505028449
11.988892,10.917753851799656,0.061210100342056324
11.991276,10.911987450417362,0.06094963860794638
11.993671999999997,10.90300824347515,0.06070422886065823
11.99606,10.89840532507811,0.06046116145258951
11.998440000000002,10.900088248174042,0.06019231340044846
12.000836,10.904005589441866,0.059935361263315196
12.003223999999996,10.9140690025758,0.05965612184749623
12.005607999999995,10.928788243508626,0.059372592324167875
12.008004,10.940294678881536,0.059102680044693046
12.010391999999996,10.95580531574728,0.05882107445442478
12.012771999999998,10.977042715598555,0.058530513278171194
12.015167999999996,10.995486618770494,0.058243885908307154
12.017556,11.010158637875081,0.05798728864893198
12.019939999999998,11.024551117725943,0.05773952450750171
12.022335999999996,11.033449152016752,0.057519778742269434
12.024724,11.046211618173537,0.05729424459890897
12.027107999999998,11.059346171382657,0.057084303614091544
12.029503999999996,11.072992581270977,0.05688466578684509
12.031892,11.083286415972522,0.05670267265209232
12.034275999999998,11.091438380300785,0.05652942176483099
12.036671999999996,11.102383841308388,0.056354100669523
12.03906,11.111047662315851,0.05619195453827351
12.041455999999997,11.121993123323453,0.0560172324229252
12.043852,11.128934382838219,0.05585312416493263
12.046244000000002,11.133594002352849,0.05570230740685335
12.048623999999997,11.142677132240895,0.05553074465613203
12.05102,11.151760262128938,0.055359895363823707
12.053407999999996,11.154045693844814,0.05520086420687006
12.055791999999997,11.16340836298658,0.05502262615548629
12.058188,11.170349622501346,0.05486077263605144
12.060575999999998,11.170493183843945,0.054710481660375745
12.062959999999997,11.169146501119323,0.05457545829902155
12.065356,11.170360997648562,0.0544203711485338
12.067743999999998,11.168502458244742,0.05427435950480468
12.070124,11.168134162908144,0.0541124583842559
12.072527999999998,11.159757464585876,0.053969717493211944
12.074916000000002,11.146724938464716,0.053829263692037985
12.077295999999995,11.138395461970696,0.0536607870255333
12.079692,11.13234762547681,0.053479859204562726
12.082076,11.128301889729341,0.053293680989079426
12.08446,11.122254053235457,0.05311217396521731
12.086855999999996,11.116625525622151,0.0529191171143933
12.089244,11.105270235023315,0.0527316132560355
12.091623999999996,11.096196584424618,0.052531672394784366
12.09402,11.087262703452778,0.05232794671879517
12.096407999999997,11.070599958748994,0.05213441793589501
12.098791999999996,11.047791142179097,0.05195713988710589
12.101188,11.029126296728895,0.05176644722064314
12.103575999999997,11.005805623479802,0.05157703871981365
12.105956,10.983975194297928,0.05137195526107432
12.108351999999996,10.966800592914945,0.051164847347622534
12.11074,10.949253904479626,0.050941909443217775
12.113120000000002,10.932498611977223,0.05072246563663798
12.115519999999997,10.917093793915178,0.05049080252199873
12.117908,10.901409436599415,0.05026614754316712
12.120303999999996,10.885585309656793,0.05004374293128793
12.122700000000002,10.870692348273947,0.04982010168949009
12.125092000000002,10.84443840871866,0.04962773938653964
12.127471999999996,10.815111433230314,0.04944272333839052
12.129872,10.783782356995555,0.04926096090394955
12.132259999999995,10.751382345574156,0.04908244651597
12.134644000000002,10.716560924525758,0.04891860260187912
12.13704,10.686115792022532,0.048760824780465686
12.139427999999995,10.651247149145894,0.048622015196897704
12.141807999999996,10.610232434403141,0.048498419252005064
12.144208,10.56758770596631,0.0483934590090885
12.146591999999998,10.52587414308926,0.04828759113231169
12.148975999999998,10.478805904279014,0.048201128630720444
12.151372000000002,10.432389291774829,0.04812131932228977
12.153759999999998,10.38061800333745,0.04806091105373511
12.15614,10.319907146354625,0.04801674913763078
12.158540000000002,10.256495340491083,0.047996253452026766
12.160927999999998,10.18693746276143,0.047991756406895444
12.163308,10.112304448352305,0.04799827578413472
12.165708000000002,10.03059419651729,0.048021639721246935
12.168095999999998,9.949954879868912,0.048040637000561354
12.170479999999998,9.866242527287481,0.04806753389864832
12.172875999999995,9.788396707318437,0.04808610833586879
12.175260000000002,9.70775739067006,0.04810421373881083
12.177644,9.629399714021822,0.04810778527825971
12.180039999999998,9.545315274388052,0.04811527458901464
12.182423999999996,9.461510374008004,0.048113349058684814
12.184807999999997,9.372909876202204,0.04811525036928166
12.187204,9.284588917650122,0.04810834755643685
12.189591999999998,9.196407728724903,0.04809729855611525
12.191972,9.107574913493625,0.04807793112750577
12.194367999999995,9.020744199008764,0.048053505805541574
12.196756,8.93498441971054,0.04802471246959264
12.19914,8.84200763335957,0.04801910693723334
12.201535999999995,8.748239451075682,0.048009222890224953
12.203924,8.656333599911347,0.048001203360452986
12.206308,8.565638453560513,0.04798449566394728
12.208703999999996,8.474431450530481,0.047952500760850295
12.211092,8.383456764925924,0.04794637267151666
12.213476,8.297557216000842,0.047925561919800214
12.215876000000002,8.208584631142704,0.047914798251462276
12.218263999999998,8.121474377404123,0.0479038862957569
12.220644,8.02849759105315,0.04790349371731459
12.223039999999996,7.938034762127793,0.04791343580651508
12.225431999999998,7.845941919508356,0.04794783194143272
12.227812,7.759296300620729,0.04798832186297532
12.230207999999998,7.669158336919467,0.04805686560973057
12.232596,7.578880603591344,0.04813240121579309
12.234991999999998,7.489534035823,0.04820725575734336
12.237387999999996,7.40312073436085,0.048276645050104205
12.239776,7.322434195884231,0.04834009281657117
12.242159999999998,7.2406767222209725,0.048408974223708434
12.244555999999996,7.162923450050548,0.048465624528371005
12.246944,7.090245314559596,0.048507667795303896
12.249327999999998,7.020220906121118,0.04855643903455233
12.251723999999996,6.958484439922028,0.04856945018454786
12.254112,6.899541470402274,0.048582480896982194
12.256496,6.846697350920387,0.048612482230973406
12.258891999999996,6.796274641065496,0.048620922301767476
12.26128,6.74943682382286,0.0486347066929486
12.263664,6.705532272886418,0.04864296230559149
12.266059999999996,6.662558887509757,0.048651239851976696
12.268448,6.629036927357737,0.04865333365992531
12.270828000000002,6.597656837578996,0.04864314227819937
12.273224,6.562272546307419,0.04864674362746058
12.275611999999995,6.528238729476202,0.04863135533069689
12.277991999999998,6.500350984511097,0.04859086928777749
12.280388000000002,6.475396505852184,0.04854361702258202
12.282775999999998,6.452164588685969,0.048502014913284965
12.285159999999998,6.43172616819909,0.04845953894418237
12.287556000000002,6.41035658215243,0.04841668702825564
12.289943999999998,6.388986996105772,0.04837347368091468
12.292327999999998,6.362402503752781,0.048356232893385726
12.294724000000002,6.337820112146206,0.04833198582628201
12.297111999999998,6.314448425353133,0.04829437978257546
12.299495999999998,6.287863933000142,0.04827531426551468
12.301891999999995,6.260488044714233,0.04824932860428932
12.30428,6.227664932696515,0.04821695307734076
12.30666,6.20019649661199,0.04814995966068354
12.309055999999998,6.166209901609015,0.04808216517616034
12.311448,6.1332942417926795,0.048006827660499164
12.313828,6.099447416416566,0.04793084166948219
12.316223999999998,6.060153367308642,0.047847064740371745
12.318612000000002,6.016063720774967,0.04776835979917251
12.321008,5.971601987188953,0.047660836140038076
12.323403999999996,5.921925347296608,0.04758010784673299
12.325792,5.864659613299176,0.04750421057905401
12.328176,5.805671317809048,0.047419309502648756
12.330571999999997,5.7398853241467505,0.0473488352560801
12.33296,5.667301632312284,0.047291966671538614
12.335340000000002,5.585778371932373,0.04726638198632179
12.337736,5.49945951412671,0.04724921875331894
12.340123999999996,5.411557864455209,0.047218097855452106
12.342507999999995,5.316067120678623,0.047193112121081356
12.344904,5.214709844289646,0.047184554755505675
12.347291999999996,5.104552768982084,0.04720408903584135
12.349675999999995,4.987458225875494,0.04725384626717623
12.352072,4.867430416462708,0.04731727544611625
12.354459999999996,4.732037427384644,0.04748296435773039
12.356843999999995,4.5975756038663596,0.047653121623868866
12.35924,4.4601805140418795,0.047834456643145465
12.361627999999996,4.316127495672091,0.048039254410088696
12.364011999999995,4.16699934062283,0.04829247842685528
12.366408,4.020804451879765,0.04853518731235894
12.368795999999996,3.8763321246293954,0.04879358833068796
12.371179999999995,3.7342812070060236,0.049009999985792294
12.373576,3.597025886808404,0.0492145428140918
12.375963999999996,3.459630796983924,0.04943263995434704
12.378347999999995,3.3254485127193596,0.04962399415266013
12.380744,3.1951306603207685,0.04981183129854681
12.383131999999996,3.0710986494151493,0.04994073131478925
12.385515999999996,2.9520020055621408,0.05004402979160134
12.387912,2.8356988583884677,0.050151113878109624
12.390299999999996,2.7257741005063836,0.050281773531217926
12.392683999999996,2.618642839303633,0.050430945072301406
12.39508,2.517238341086413,0.05058827976678444
12.397467999999996,2.4199778139888872,0.05070721867923725
12.399851999999996,2.3256505531975558,0.05082196720343554
12.402248,2.245337997631143,0.050815475935286916
12.404635999999996,2.1639545068780914,0.05084154467822442
12.407019999999996,2.081639850565262,0.050875963522898325
12.409419999999995,2.0041207916781842,0.05089920003780421
12.411808,1.9327478046572169,0.05082292987240851
12.414187999999996,1.8592329472629727,0.05080393479073571
12.416587999999996,1.7874406513614247,0.050824769610096195
12.418976,1.716299981765935,0.05088501912565407
12.42136,1.6440883769838068,0.05097592481611114
12.42376,1.57080583701504,0.05113633284526077
12.426144,1.5001770240987475,0.05132310223023084
12.428528,1.4296879808093157,0.048784305257646585
12.430923999999996,1.36078172938572,0.04627971081436471
12.433312,1.2898733772157076,0.04379226718051863
12.435691999999996,1.2178940898590565,0.041301458973334045
12.438091999999996,1.1434008450767907,0.03878765551588855
12.44048,1.0741225066008577,0.03624565221637765
12.442859999999996,1.0091279088714786,0.03367420141137809
12.445259999999998,0.9507912396874081,0.031117798963742685
12.447648,0.8952480671826724,0.02855207905023128
12.450027999999996,0.8347695276253247,0.026039768259908704
12.452427999999998,0.7801575206803675,0.023491293475199123
12.454816,0.7311325070940801,0.02093064285711172
12.4572,0.6858321557469058,0.01835823110276089
12.459595999999998,0.6418350570118474,0.015844819910702364
12.461984,0.5989088934634276,0.01328589210926093
12.464363999999996,0.5590557658480632,0.010680483563731143
12.46676,0.5190628686058386,0.008063790452581635
12.469147999999995,0.4787904321098935,0.0054299912037764075
12.471531999999996,0.44052009636036527,0.0027220425747296394
12.473931999999998,0.4031809261706154,0.0
12.476315999999995,0.3684954830333403,0.0
12.478699999999996,0.3347412054558435,0.0
12.481096,0.3085760219834335,0.0
12.483483999999995,0.2901397022429705,0.0
12.485864,0.27621944067453885,0.0
12.488264,0.26374220134508314,0.0
12.490651999999995,0.2468414516422131,0.0
12.493032,0.2259365004465094,0.0
12.495427999999997,0.20875621148991896,0.0
