Date,File,user_note,rodney configuration,sensor calibration (k d c),stalk array (lo med hi),sensor height (cm),sensor yaw (degrees),sensor pitch (degrees),sensor roll (degrees),rate of travel (ft/min),angle of travel (degrees),sensor offset (cm to gauge 2),positionDDT_tol,forceDDT_tol,Stalk1,Stalk2,Stalk3,Stalk4,Stalk5,Stalk6,Stalk7,Stalk8,Stalk9
07_03,Raw Data\07_03\07_03_test_11.csv,,Integrated Beam Prototype 1,-0.047269 -5e-06 -0.046184 5.6e-05 : 0.009066 -1.854254 0.052102 -0.06902 : 0.280633 0.004403 0.101502 0.014988,lo,88.0,20.0,0.0,0.0,25.0,0.0,12.0,1.6262686063096805,38.212034107193006,13.238558751215884,,9.886061192672017,6.248463926173252,7.661554655142061,9.277327767085028,16.695814397012274,7.794070836007335,13.56825628577114
07_03,Raw Data\07_03\07_03_test_12.csv,,Integrated Beam Prototype 1,-0.047269 -5e-06 -0.046184 5.6e-05 : 0.009066 -1.854254 0.052102 -0.06902 : 0.280633 0.004403 0.101502 0.014988,lo,88.0,20.0,0.0,0.0,25.0,0.0,12.0,1.6262686063096805,38.212034107193006,12.9299285742563,,12.163476638809394,5.029015918857507,7.0380472120458775,12.646084615943987,12.818358847868838,6.69146110155419,10.77887362675221
07_03,Raw Data\07_03\07_03_test_13.csv,,Integrated Beam Prototype 1,-0.047269 -5e-06 -0.046184 5.6e-05 : 0.009066 -1.854254 0.052102 -0.06902 : 0.280633 0.004403 0.101502 0.014988,lo,88.0,20.0,0.0,0.0,25.0,0.0,12.0,1.6262686063096805,38.212034107193006,8.842374735999657,,11.689914998024872,7.151808112212363,5.319431133822268,4.889695468289509,14.175318930958603,7.79923683989132,14.142033098203267
07_03,Raw Data\07_03\07_03_test_14.csv,,Integrated Beam Prototype 1,-0.047269 -5e-06 -0.046184 5.6e-05 : 0.009066 -1.854254 0.052102 -0.06902 : 0.280633 0.004403 0.101502 0.014988,lo,88.0,20.0,0.0,0.0,25.0,0.0,12.0,1.6262686063096805,38.212034107193006,8.678013996016547,,14.328979367424246,4.005813058704437,5.349793887587695,6.050333729433307,10.564562334909352,5.972665846466524,12.02884467444476
07_03,Raw Data\07_03\07_03_test_15.csv,,Integrated Beam Prototype 1,-0.047269 -5e-06 -0.046184 5.6e-05 : 0.009066 -1.854254 0.052102 -0.06902 : 0.280633 0.004403 0.101502 0.014988,lo,88.0,20.0,0.0,0.0,25.0,0.0,12.0,1.6262686063096805,38.212034107193006,8.44228095933897,,16.50141235862317,4.995964938249126,8.945354737765513,7.478436079235244,8.91460737645706,7.199522908248584,11.62433523442537
07_03,Raw Data\07_03\07_03_test_16.csv,,Integrated Beam Prototype 1,-0.047269 -5e-06 -0.046184 5.6e-05 : 0.009066 -1.854254 0.052102 -0.06902 : 0.280633 0.004403 0.101502 0.014988,lo,88.0,20.0,0.0,0.0,25.0,0.0,12.0,1.6262686063096805,38.212034107193006,10.680990716929951,,10.718401870872086,6.582027281355226,4.810734854755505,5.693985166221441,10.580051160290624,6.325019382811813,11.226810871393557
07_03,Raw Data\07_03\07_03_test_17.csv,,Integrated Beam Prototype 1,-0.047269 -5e-06 -0.046184 5.6e-05 : 0.009066 -1.854254 0.052102 -0.06902 : 0.280633 0.004403 0.101502 0.014988,lo,88.0,20.0,0.0,0.0,25.0,0.0,12.0,1.6262686063096805,38.212034107193006,9.175768637449016,,11.652656193302398,8.071136999333767,8.750007427735724,6.935794271415793,12.631520391364065,5.6059293125841645,7.334376930684741
07_03,Raw Data\07_03\07_03_test_18.csv,,Integrated Beam Prototype 1,-0.047269 -5e-06 -0.046184 5.6e-05 : 0.009066 -1.854254 0.052102 -0.06902 : 0.280633 0.004403 0.101502 0.014988,lo,88.0,20.0,0.0,0.0,25.0,0.0,12.0,1.6262686063096805,38.212034107193006,9.056480649282642,,12.305158939927647,5.732606757801178,6.306051222305132,6.38564715746726,15.505038463127285,7.2043466215674,9.678166518438273
07_03,Raw Data\07_03\07_03_test_19.csv,,Integrated Beam Prototype 1,-0.047269 -5e-06 -0.046184 5.6e-05 : 0.009066 -1.854254 0.052102 -0.06902 : 0.280633 0.004403 0.101502 0.014988,lo,88.0,20.0,0.0,0.0,25.0,0.0,12.0,1.6262686063096805,38.212034107193006,14.098930482429752,,13.84683716424133,8.11233939602654,7.183331680071156,17.45325557781955,14.280040326250626,5.796285646809315,7.919521554059974
07_03,Raw Data\07_03\07_03_test_20.csv,,Integrated Beam Prototype 1,-0.047269 -5e-06 -0.046184 5.6e-05 : 0.009066 -1.854254 0.052102 -0.06902 : 0.280633 0.004403 0.101502 0.014988,lo,88.0,20.0,0.0,0.0,25.0,0.0,12.0,1.6262686063096805,38.212034107193006,9.800645634668884,,13.015589812428676,7.364674401982506,4.87619841284608,9.03370941731052,19.06082692492334,6.372345625859141,9.855129003212392
07_03,Raw Data\07_03\07_03_test_21.csv,,Integrated Beam Prototype 1,-0.047269 -5e-06 -0.046184 5.6e-05 : 0.009066 -1.854254 0.052102 -0.06902 : 0.280633 0.004403 0.101502 0.014988,med,88.0,20.0,0.0,0.0,25.0,0.0,12.0,0.7179096774909866,35.99267783820274,15.598918010219291,14.994992980513649,14.151881423669655,16.665677123216913,18.336467976599003,17.927079623837752,17.774611582198848,21.54388895222724,15.3806466751824
07_03,Raw Data\07_03\07_03_test_22.csv,,Integrated Beam Prototype 1,-0.047269 -5e-06 -0.046184 5.6e-05 : 0.009066 -1.854254 0.052102 -0.06902 : 0.280633 0.004403 0.101502 0.014988,med,88.0,20.0,0.0,0.0,25.0,0.0,12.0,0.7179096774909866,35.99267783820274,14.71877232100292,16.984375177866117,15.929998866089798,17.929307465632338,16.59515828854633,20.43907081394412,16.548219576749744,17.61936972791202,17.54424983677528
07_03,Raw Data\07_03\07_03_test_23.csv,,Integrated Beam Prototype 1,-0.047269 -5e-06 -0.046184 5.6e-05 : 0.009066 -1.854254 0.052102 -0.06902 : 0.280633 0.004403 0.101502 0.014988,med,88.0,20.0,0.0,0.0,25.0,0.0,12.0,0.7179096774909866,35.99267783820274,15.573099277047053,14.734615199122072,15.145716085443198,17.903445129165327,14.978371455632969,17.604633135348777,18.371960561949862,18.13679115683953,15.431753871710889
07_03,Raw Data\07_03\07_03_test_24.csv,,Integrated Beam Prototype 1,-0.047269 -5e-06 -0.046184 5.6e-05 : 0.009066 -1.854254 0.052102 -0.06902 : 0.280633 0.004403 0.101502 0.014988,med,88.0,20.0,0.0,0.0,25.0,0.0,12.0,0.7179096774909866,35.99267783820274,16.475573050918076,16.424012828609428,14.245209100703551,22.05727380309924,19.478369613126777,17.322024134216566,18.06868377199544,19.63632159223785,15.832342113128677
07_03,Raw Data\07_03\07_03_test_25.csv,,Integrated Beam Prototype 1,-0.047269 -5e-06 -0.046184 5.6e-05 : 0.009066 -1.854254 0.052102 -0.06902 : 0.280633 0.004403 0.101502 0.014988,med,88.0,20.0,0.0,0.0,25.0,0.0,12.0,0.7179096774909866,35.99267783820274,15.328336526562598,15.09154473534299,16.946742350885636,18.63634795153079,17.779237204139857,14.925974190173662,17.837863292669123,16.89045095945806,16.06782888711544
07_03,Raw Data\07_03\07_03_test_26.csv,,Integrated Beam Prototype 1,-0.047269 -5e-06 -0.046184 5.6e-05 : 0.009066 -1.854254 0.052102 -0.06902 : 0.280633 0.004403 0.101502 0.014988,med,88.0,20.0,0.0,0.0,25.0,0.0,12.0,0.7179096774909866,35.99267783820274,15.6437344074322,15.573614136222137,14.458038126239376,17.118844622768677,17.480362102844364,15.589664416371503,15.754451698194783,16.01200104408954,12.772832836962625
07_03,Raw Data\07_03\07_03_test_27.csv,,Integrated Beam Prototype 1,-0.047269 -5e-06 -0.046184 5.6e-05 : 0.009066 -1.854254 0.052102 -0.06902 : 0.280633 0.004403 0.101502 0.014988,med,88.0,20.0,0.0,0.0,25.0,0.0,12.0,0.7179096774909866,35.99267783820274,16.76658212021419,17.966969030117678,15.426707417947854,18.52894523454166,16.656905743174182,15.574965450401525,17.299281891556113,18.90846272072228,12.828786901883833
07_03,Raw Data\07_03\07_03_test_28.csv,,Integrated Beam Prototype 1,-0.047269 -5e-06 -0.046184 5.6e-05 : 0.009066 -1.854254 0.052102 -0.06902 : 0.280633 0.004403 0.101502 0.014988,med,88.0,20.0,0.0,0.0,25.0,0.0,12.0,0.7179096774909866,35.99267783820274,16.31025788124702,17.67869544834746,14.528331070872945,19.25686506492596,17.539088563123908,18.737220570053463,17.710565046106872,21.99137222985044,15.540068672199991
07_03,Raw Data\07_03\07_03_test_29.csv,,Integrated Beam Prototype 1,-0.047269 -5e-06 -0.046184 5.6e-05 : 0.009066 -1.854254 0.052102 -0.06902 : 0.280633 0.004403 0.101502 0.014988,med,88.0,20.0,0.0,0.0,25.0,0.0,12.0,0.7179096774909866,35.99267783820274,15.85761860580782,15.880683294885024,16.96766698243629,17.889710124272174,16.783028444909807,17.72886353262566,16.488795450450827,20.322958796052347,15.9099783592794
07_03,Raw Data\07_03\07_03_test_30.csv,,Integrated Beam Prototype 1,-0.047269 -5e-06 -0.046184 5.6e-05 : 0.009066 -1.854254 0.052102 -0.06902 : 0.280633 0.004403 0.101502 0.014988,med,88.0,20.0,0.0,0.0,25.0,0.0,12.0,0.7179096774909866,35.99267783820274,14.779496268138844,16.743069394577738,15.42306000704047,19.008920054617363,16.575809196180884,15.75641395294224,15.27084110180772,16.841246251676164,16.070874091102898
07_03,Raw Data\07_03\07_03_test_31.csv,,Integrated Beam Prototype 1,-0.047269 -5e-06 -0.046184 5.6e-05 : 0.009066 -1.854254 0.052102 -0.06902 : 0.280633 0.004403 0.101502 0.014988,hi,88.0,20.0,0.0,0.0,25.0,0.0,12.0,0.6267649963645728,40.32757635519,25.53511328507,21.978238594463345,20.6505096156662,27.66040415257612,26.24402337713789,27.05461414402239,28.27837393585332,28.79306273975563,25.80981086128573
07_03,Raw Data\07_03\07_03_test_32.csv,,Integrated Beam Prototype 1,-0.047269 -5e-06 -0.046184 5.6e-05 : 0.009066 -1.854254 0.052102 -0.06902 : 0.280633 0.004403 0.101502 0.014988,hi,88.0,20.0,0.0,0.0,25.0,0.0,12.0,0.6267649963645728,40.32757635519,27.553611474208225,23.4243690770893,21.88943031428989,26.570184613414984,26.4587313570723,29.78537529300375,27.38891628223917,28.09023833533709,26.81304457914094
07_03,Raw Data\07_03\07_03_test_33.csv,,Integrated Beam Prototype 1,-0.047269 -5e-06 -0.046184 5.6e-05 : 0.009066 -1.854254 0.052102 -0.06902 : 0.280633 0.004403 0.101502 0.014988,hi,88.0,20.0,0.0,0.0,25.0,0.0,12.0,0.6267649963645728,40.32757635519,28.40894083369875,23.01670273073125,24.07405532855089,27.884665391161324,28.44203564320389,25.91593042562697,27.90086638008565,26.258520571305866,25.446022463850085
07_03,Raw Data\07_03\07_03_test_34.csv,,Integrated Beam Prototype 1,-0.047269 -5e-06 -0.046184 5.6e-05 : 0.009066 -1.854254 0.052102 -0.06902 : 0.280633 0.004403 0.101502 0.014988,hi,88.0,20.0,0.0,0.0,25.0,0.0,12.0,0.6267649963645728,40.32757635519,27.20561536889209,25.27208704424925,22.44465948511932,28.67575446961426,28.124821120910315,28.19025766013398,26.76436801083973,27.575500581796263,24.56161218267941
07_03,Raw Data\07_03\07_03_test_35.csv,,Integrated Beam Prototype 1,-0.047269 -5e-06 -0.046184 5.6e-05 : 0.009066 -1.854254 0.052102 -0.06902 : 0.280633 0.004403 0.101502 0.014988,hi,88.0,20.0,0.0,0.0,25.0,0.0,12.0,0.6267649963645728,40.32757635519,27.00225440751413,25.107685020724443,22.78979367102032,30.599844899464443,26.078786732609423,26.88417887117384,28.0963838035641,27.261927705233475,26.775571987785163
07_03,Raw Data\07_03\07_03_test_36.csv,,Integrated Beam Prototype 1,-0.047269 -5e-06 -0.046184 5.6e-05 : 0.009066 -1.854254 0.052102 -0.06902 : 0.280633 0.004403 0.101502 0.014988,hi,88.0,20.0,0.0,0.0,25.0,0.0,12.0,0.6267649963645728,40.32757635519,29.88136002073045,23.517758616178213,21.975488369638573,29.143345936430425,25.91123069749644,31.14024802960191,27.03619723891768,27.94416119426189,27.54533041783257
07_03,Raw Data\07_03\07_03_test_37.csv,,Integrated Beam Prototype 1,-0.047269 -5e-06 -0.046184 5.6e-05 : 0.009066 -1.854254 0.052102 -0.06902 : 0.280633 0.004403 0.101502 0.014988,hi,88.0,20.0,0.0,0.0,25.0,0.0,12.0,0.6267649963645728,40.32757635519,24.224059551503064,19.90926953293351,21.29842379468579,25.21771900437805,24.869518553416587,25.329323667221523,25.211406040642064,28.87517139039026,29.09744603680391
07_03,Raw Data\07_03\07_03_test_38.csv,,Integrated Beam Prototype 1,-0.047269 -5e-06 -0.046184 5.6e-05 : 0.009066 -1.854254 0.052102 -0.06902 : 0.280633 0.004403 0.101502 0.014988,hi,88.0,20.0,0.0,0.0,25.0,0.0,12.0,0.6267649963645728,40.32757635519,29.092798870225707,24.6520067831088,22.85594167779305,26.25584617414697,26.0604574536517,28.0981636916347,28.69504150220368,30.98536904719907,23.21084253624878
07_03,Raw Data\07_03\07_03_test_39.csv,,Integrated Beam Prototype 1,-0.047269 -5e-06 -0.046184 5.6e-05 : 0.009066 -1.854254 0.052102 -0.06902 : 0.280633 0.004403 0.101502 0.014988,hi,88.0,20.0,0.0,0.0,25.0,0.0,12.0,0.6267649963645728,40.32757635519,29.412912793924683,23.9151358615946,22.36402230655352,26.330814259439748,27.230593022042648,26.277870330909828,25.825570804485267,27.718871244705305,27.67264338920181
07_03,Raw Data\07_03\07_03_test_40.csv,,Integrated Beam Prototype 1,-0.047269 -5e-06 -0.046184 5.6e-05 : 0.009066 -1.854254 0.052102 -0.06902 : 0.280633 0.004403 0.101502 0.014988,hi,88.0,20.0,0.0,0.0,25.0,0.0,12.0,0.6267649963645728,40.32757635519,28.10299707157133,24.77264723505161,25.21173590708158,28.208379560951563,27.178015929506987,26.097169629859074,24.74813229344888,26.53294518984685,24.39673908095574
07_10,Raw Data\07_10\07_10_test_1.csv,,Integrated Beam Prototype 2,-0.046833 -0.046833 -0.046016 -0.046016 : 0.009751 0.009751 0.048646 0.048646 : 0.451608 0.451608 0.359203 0.359203,hi,88.9,20.0,0.0,0.0,25.0,0.0,7.5,0.7759448352898894,42.74483276834543,35.61010041137296,30.160902170322903,31.08219250393083,37.232010252901375,35.22100498546166,34.740923824905735,34.231129477502506,33.762703419029044,29.6184349372912
07_10,Raw Data\07_10\07_10_test_10.csv,,Integrated Beam Prototype 2,-0.046833 -0.046833 -0.046016 -0.046016 : 0.009751 0.009751 0.048646 0.048646 : 0.451608 0.451608 0.359203 0.359203,hi,88.9,20.0,0.0,0.0,25.0,0.0,7.5,0.7759448352898894,42.74483276834543,31.55548742746865,32.15532611555165,28.729002410699305,34.430481742492965,37.961302230819705,36.91443807753318,36.52426094464923,29.204603945374743,30.457597294694047
07_10,Raw Data\07_10\07_10_test_11.csv,,Integrated Beam Prototype 2,-0.046833 -0.046833 -0.046016 -0.046016 : 0.009751 0.009751 0.048646 0.048646 : 0.451608 0.451608 0.359203 0.359203,hi,88.9,20.0,0.0,0.0,25.0,0.0,7.5,0.7759448352898894,42.74483276834543,35.30141002473749,31.27033127567466,31.14409573166509,30.25206049959481,36.37330359994946,37.84413029508418,35.88781832675821,30.774612281259994,32.49782769578157
07_10,Raw Data\07_10\07_10_test_12.csv,,Integrated Beam Prototype 2,-0.046833 -0.046833 -0.046016 -0.046016 : 0.009751 0.009751 0.048646 0.048646 : 0.451608 0.451608 0.359203 0.359203,hi,88.9,20.0,0.0,0.0,25.0,0.0,7.5,0.7759448352898894,42.74483276834543,34.61732387928,34.11234906696662,28.660524473385703,33.79980564450558,32.96748653594414,38.989968849716895,34.54336339168639,32.984899853674335,28.180969583999016
07_10,Raw Data\07_10\07_10_test_13.csv,,Integrated Beam Prototype 2,-0.046833 -0.046833 -0.046016 -0.046016 : 0.009751 0.009751 0.048646 0.048646 : 0.451608 0.451608 0.359203 0.359203,hi,88.9,20.0,0.0,0.0,25.0,0.0,7.5,0.7759448352898894,42.74483276834543,35.81603252789656,28.757103524339,32.872355185081005,37.332658685569015,32.844048506678554,37.3296788139217,30.56698749236017,33.95557510618614,31.94803945711128
07_10,Raw Data\07_10\07_10_test_14.csv,,Integrated Beam Prototype 2,-0.046833 -0.046833 -0.046016 -0.046016 : 0.009751 0.009751 0.048646 0.048646 : 0.451608 0.451608 0.359203 0.359203,hi,88.9,20.0,0.0,0.0,25.0,0.0,7.5,0.7759448352898894,42.74483276834543,33.913565281576005,28.97724324331613,31.55636623582631,39.91180290380352,34.8648675784896,33.72046531338712,37.59658980138558,32.13320171966282,28.99661744052254
07_10,Raw Data\07_10\07_10_test_15.csv,,Integrated Beam Prototype 2,-0.046833 -0.046833 -0.046016 -0.046016 : 0.009751 0.009751 0.048646 0.048646 : 0.451608 0.451608 0.359203 0.359203,hi,88.9,20.0,0.0,0.0,25.0,0.0,7.5,0.7759448352898894,42.74483276834543,34.79136879261235,33.00337311616417,32.60468003992266,33.72937346253555,36.454087429869546,37.3675939114538,32.2048016106071,27.33588240599704,32.9805998378188
07_10,Raw Data\07_10\07_10_test_16.csv,,Integrated Beam Prototype 2,-0.046833 -0.046833 -0.046016 -0.046016 : 0.009751 0.009751 0.048646 0.048646 : 0.451608 0.451608 0.359203 0.359203,med,89.0,20.0,0.0,0.0,25.0,0.0,9.0,0.7292901430031895,46.830137233997775,21.598046235529264,19.698529015994342,21.49885187302503,26.299164568437856,24.66653439818085,24.594788268610024,25.824908987698493,25.884746096562896,24.153131248642765
07_10,Raw Data\07_10\07_10_test_17.csv,,Integrated Beam Prototype 2,-0.046833 -0.046833 -0.046016 -0.046016 : 0.009751 0.009751 0.048646 0.048646 : 0.451608 0.451608 0.359203 0.359203,med,89.0,20.0,0.0,0.0,25.0,0.0,9.0,0.7292901430031895,46.830137233997775,21.77884456099549,20.89792969250041,22.087968197284205,24.719149450067288,22.030358767667263,23.569753554091328,24.287404989924863,25.1416623516788,20.517554570111987
07_10,Raw Data\07_10\07_10_test_18.csv,,Integrated Beam Prototype 2,-0.046833 -0.046833 -0.046016 -0.046016 : 0.009751 0.009751 0.048646 0.048646 : 0.451608 0.451608 0.359203 0.359203,med,89.0,20.0,0.0,0.0,25.0,0.0,9.0,0.7292901430031895,46.830137233997775,20.17163700155863,20.92784724050455,19.08206151388503,26.165684059344915,25.32142236446705,26.822995100290708,22.151778925170326,27.182320322856047,22.67437039660088
07_10,Raw Data\07_10\07_10_test_19.csv,,Integrated Beam Prototype 2,-0.046833 -0.046833 -0.046016 -0.046016 : 0.009751 0.009751 0.048646 0.048646 : 0.451608 0.451608 0.359203 0.359203,med,89.0,20.0,0.0,0.0,25.0,0.0,9.0,0.7292901430031895,46.830137233997775,17.815444519773667,19.42584862729592,20.2779126283272,23.345899569940965,23.32345028656326,24.25705633914952,23.03723624637772,25.459404599938697,24.109590895216986
07_10,Raw Data\07_10\07_10_test_2.csv,,Integrated Beam Prototype 2,-0.046833 -0.046833 -0.046016 -0.046016 : 0.009751 0.009751 0.048646 0.048646 : 0.451608 0.451608 0.359203 0.359203,hi,88.9,20.0,0.0,0.0,25.0,0.0,7.5,0.7759448352898894,42.74483276834543,31.19597768846824,31.913872856300948,34.25315303298431,37.14363400272427,36.66364813464335,33.70696068063576,34.222161674046944,28.4876752152903,30.54618227064658
07_10,Raw Data\07_10\07_10_test_20.csv,,Integrated Beam Prototype 2,-0.046833 -0.046833 -0.046016 -0.046016 : 0.009751 0.009751 0.048646 0.048646 : 0.451608 0.451608 0.359203 0.359203,med,89.0,20.0,0.0,0.0,25.0,0.0,9.0,0.7292901430031895,46.830137233997775,19.872598472076795,19.48699303564753,19.78627848135556,21.697679808008445,24.425345676370643,23.14328517034768,22.490420498020136,24.225900012949893,20.8160413293162
07_10,Raw Data\07_10\07_10_test_21.csv,,Integrated Beam Prototype 2,-0.046833 -0.046833 -0.046016 -0.046016 : 0.009751 0.009751 0.048646 0.048646 : 0.451608 0.451608 0.359203 0.359203,med,89.0,20.0,0.0,0.0,25.0,0.0,9.0,0.7292901430031895,46.830137233997775,25.82626765391591,19.75403755398102,20.68496331965502,23.773096668991865,23.482387862288324,25.30954168558895,25.09654136866953,21.548360383710403,19.227577204282102
07_10,Raw Data\07_10\07_10_test_22.csv,,Integrated Beam Prototype 2,-0.046833 -0.046833 -0.046016 -0.046016 : 0.009751 0.009751 0.048646 0.048646 : 0.451608 0.451608 0.359203 0.359203,med,89.0,20.0,0.0,0.0,25.0,0.0,9.0,0.7292901430031895,46.830137233997775,21.51128757377325,18.59030550891787,18.65700686165947,25.06558263654484,22.91439789592502,22.66831154075073,20.16486745358791,26.051612094255898,23.310671413818014
07_10,Raw Data\07_10\07_10_test_23.csv,,Integrated Beam Prototype 2,-0.046833 -0.046833 -0.046016 -0.046016 : 0.009751 0.009751 0.048646 0.048646 : 0.451608 0.451608 0.359203 0.359203,med,89.0,20.0,0.0,0.0,25.0,0.0,9.0,0.7292901430031895,46.830137233997775,18.354063249833228,20.93500620810882,20.935541714497056,25.523882226977,22.7427187959656,22.248325784042628,22.971779745362568,22.834955139044524,22.91500351489623
07_10,Raw Data\07_10\07_10_test_24.csv,,Integrated Beam Prototype 2,-0.046833 -0.046833 -0.046016 -0.046016 : 0.009751 0.009751 0.048646 0.048646 : 0.451608 0.451608 0.359203 0.359203,med,89.0,20.0,0.0,0.0,25.0,0.0,9.0,0.7292901430031895,46.830137233997775,21.40591436190648,18.69926844008895,19.87232471517802,24.799993148387586,23.359380726493143,23.97937523225316,19.97936832451504,24.897006142592428,23.87444706717424
07_10,Raw Data\07_10\07_10_test_25.csv,,Integrated Beam Prototype 2,-0.046833 -0.046833 -0.046016 -0.046016 : 0.009751 0.009751 0.048646 0.048646 : 0.451608 0.451608 0.359203 0.359203,med,89.0,20.0,0.0,0.0,25.0,0.0,9.0,0.7292901430031895,46.830137233997775,22.869060565806187,19.53402527238721,19.168225070150072,25.051215427261223,22.30073484669957,22.906975660031577,21.55948805023245,25.25826692708908,19.21218557764169
07_10,Raw Data\07_10\07_10_test_26.csv,,Integrated Beam Prototype 2,-0.046833 -0.046833 -0.046016 -0.046016 : 0.009751 0.009751 0.048646 0.048646 : 0.451608 0.451608 0.359203 0.359203,med,89.0,20.0,0.0,0.0,25.0,0.0,9.0,0.7292901430031895,46.830137233997775,20.09791294577881,19.36019496600988,19.7132139030854,25.47045564665346,23.75715589487537,25.685976563284385,21.439960499735783,24.1894488367934,21.752669334138105
07_10,Raw Data\07_10\07_10_test_27.csv,,Integrated Beam Prototype 2,-0.046833 -0.046833 -0.046016 -0.046016 : 0.009751 0.009751 0.048646 0.048646 : 0.451608 0.451608 0.359203 0.359203,med,89.0,20.0,0.0,0.0,25.0,0.0,9.0,0.7292901430031895,46.830137233997775,21.340524325212417,21.840187449562915,20.583923637018525,25.44294268037992,22.0347624553619,25.093655480321647,21.339481144119084,24.606031612234297,21.646832240700096
07_10,Raw Data\07_10\07_10_test_28.csv,,Integrated Beam Prototype 2,-0.046833 -0.046833 -0.046016 -0.046016 : 0.009751 0.009751 0.048646 0.048646 : 0.451608 0.451608 0.359203 0.359203,med,89.0,20.0,0.0,0.0,25.0,0.0,9.0,0.7292901430031895,46.830137233997775,20.651893640906508,20.535824014880788,20.773357075790813,25.850404482617,23.91173499579337,21.796700868842503,23.54606769266268,23.871018193071272,22.10761538595478
07_10,Raw Data\07_10\07_10_test_29.csv,,Integrated Beam Prototype 2,-0.046833 -0.046833 -0.046016 -0.046016 : 0.009751 0.009751 0.048646 0.048646 : 0.451608 0.451608 0.359203 0.359203,med,89.0,20.0,0.0,0.0,25.0,0.0,9.0,0.7292901430031895,46.830137233997775,23.476812609987817,21.982508018456578,19.25743565427068,27.37029338963884,20.38935863290477,24.78943191104572,21.116602645209365,23.59155866177059,20.51286416694085
07_10,Raw Data\07_10\07_10_test_3.csv,,Integrated Beam Prototype 2,-0.046833 -0.046833 -0.046016 -0.046016 : 0.009751 0.009751 0.048646 0.048646 : 0.451608 0.451608 0.359203 0.359203,hi,88.9,20.0,0.0,0.0,25.0,0.0,7.5,0.7759448352898894,42.74483276834543,34.156325218039875,29.73148226237787,30.653215715782085,34.44001531074599,38.29099174176299,38.70918704240128,33.99969054711603,27.656183109349783,30.44699941370748
07_10,Raw Data\07_10\07_10_test_30.csv,,Integrated Beam Prototype 2,-0.046833 -0.046833 -0.046016 -0.046016 : 0.009751 0.009751 0.048646 0.048646 : 0.451608 0.451608 0.359203 0.359203,med,89.0,20.0,0.0,0.0,25.0,0.0,9.0,0.7292901430031895,46.830137233997775,20.85893877860532,22.08331777100882,16.6910537532526,24.110325073845583,22.101169758349464,22.440084793177583,23.247116229851738,22.800324024664,18.14763539040346
07_10,Raw Data\07_10\07_10_test_31.csv,,Integrated Beam Prototype 2,-0.046833 -0.046833 -0.046016 -0.046016 : 0.009751 0.009751 0.048646 0.048646 : 0.451608 0.451608 0.359203 0.359203,lo,89.0,20.0,0.0,0.0,25.0,0.0,9.5,1.9912381280230027,40.94413467757293,15.772162180657595,15.430236473904944,14.936477098447188,8.16546314994779,3.728834869928833,5.3801581970342784,13.618346721973907,7.759191595610795,8.708636073808231
07_10,Raw Data\07_10\07_10_test_32.csv,,Integrated Beam Prototype 2,-0.046833 -0.046833 -0.046016 -0.046016 : 0.009751 0.009751 0.048646 0.048646 : 0.451608 0.451608 0.359203 0.359203,lo,89.0,20.0,0.0,0.0,25.0,0.0,9.5,1.9912381280230027,40.94413467757293,14.243200354987474,18.5576189946808,18.23733194137378,7.537128320868545,4.261631688564297,7.960503432039307,18.134513583273023,7.971580165313552,12.229949442142956
07_10,Raw Data\07_10\07_10_test_33.csv,,Integrated Beam Prototype 2,-0.046833 -0.046833 -0.046016 -0.046016 : 0.009751 0.009751 0.048646 0.048646 : 0.451608 0.451608 0.359203 0.359203,lo,89.0,20.0,0.0,0.0,25.0,0.0,9.5,1.9912381280230027,40.94413467757293,14.872654681755016,17.316319066884613,19.9890937396146,7.338465713113451,6.567610370189603,11.847396127214909,15.25005723242597,9.491631921292178,10.130302754501503
07_10,Raw Data\07_10\07_10_test_34.csv,,Integrated Beam Prototype 2,-0.046833 -0.046833 -0.046016 -0.046016 : 0.009751 0.009751 0.048646 0.048646 : 0.451608 0.451608 0.359203 0.359203,lo,89.0,20.0,0.0,0.0,25.0,0.0,9.5,1.9912381280230027,40.94413467757293,13.364112187818607,19.310595605213013,15.457854904921284,8.460446568454381,5.03190414159268,8.912825369883674,22.3633517585615,5.955292491105946,10.16353894976602
07_10,Raw Data\07_10\07_10_test_35.csv,,Integrated Beam Prototype 2,-0.046833 -0.046833 -0.046016 -0.046016 : 0.009751 0.009751 0.048646 0.048646 : 0.451608 0.451608 0.359203 0.359203,lo,89.0,20.0,0.0,0.0,25.0,0.0,9.5,1.9912381280230027,40.94413467757293,16.334060124860898,14.213492768681634,18.00416206626724,6.520485430884138,5.876354166524322,11.654559167309468,22.00771235566064,7.771118100090225,10.733337010975664
07_10,Raw Data\07_10\07_10_test_36.csv,,Integrated Beam Prototype 2,-0.046833 -0.046833 -0.046016 -0.046016 : 0.009751 0.009751 0.048646 0.048646 : 0.451608 0.451608 0.359203 0.359203,lo,89.0,20.0,0.0,0.0,25.0,0.0,9.5,1.9912381280230027,40.94413467757293,14.599911640387203,16.152264163259954,14.95537393826452,7.845582610807711,11.850358700449656,9.160691550397177,28.926398351667444,6.664169146620785,13.75580500525798
07_10,Raw Data\07_10\07_10_test_37.csv,,Integrated Beam Prototype 2,-0.046833 -0.046833 -0.046016 -0.046016 : 0.009751 0.009751 0.048646 0.048646 : 0.451608 0.451608 0.359203 0.359203,lo,89.0,20.0,0.0,0.0,25.0,0.0,9.5,1.9912381280230027,40.94413467757293,14.914584092411674,14.604710422063988,15.634496393316,9.345958435706592,5.671048823490554,4.589203304004217,22.643691562843102,7.745196463475853,8.770182877381485
07_10,Raw Data\07_10\07_10_test_38.csv,,Integrated Beam Prototype 2,-0.046833 -0.046833 -0.046016 -0.046016 : 0.009751 0.009751 0.048646 0.048646 : 0.451608 0.451608 0.359203 0.359203,lo,89.0,20.0,0.0,0.0,25.0,0.0,9.5,1.9912381280230027,40.94413467757293,13.867488522036863,13.608422702107145,19.412573518678546,5.487359052150612,6.5315029168515,8.867367008083868,21.72663236660424,7.0785270934603295,9.327387643302751
07_10,Raw Data\07_10\07_10_test_39.csv,,Integrated Beam Prototype 2,-0.046833 -0.046833 -0.046016 -0.046016 : 0.009751 0.009751 0.048646 0.048646 : 0.451608 0.451608 0.359203 0.359203,lo,89.0,20.0,0.0,0.0,25.0,0.0,9.5,1.9912381280230027,40.94413467757293,15.133103977771128,14.591503368145318,18.0040638831331,6.969429936142718,7.5253184720427875,8.474159892256527,22.545859747789745,7.321370795446894,11.516521789804818
07_10,Raw Data\07_10\07_10_test_4.csv,,Integrated Beam Prototype 2,-0.046833 -0.046833 -0.046016 -0.046016 : 0.009751 0.009751 0.048646 0.048646 : 0.451608 0.451608 0.359203 0.359203,hi,88.9,20.0,0.0,0.0,25.0,0.0,7.5,0.7759448352898894,42.74483276834543,33.92871814115915,27.3384488432339,32.83243231419685,32.531991746602294,35.04734144825742,36.12374233130633,32.5684772844286,28.679987060258654,29.10160894895554
07_10,Raw Data\07_10\07_10_test_40.csv,,Integrated Beam Prototype 2,-0.046833 -0.046833 -0.046016 -0.046016 : 0.009751 0.009751 0.048646 0.048646 : 0.451608 0.451608 0.359203 0.359203,lo,89.0,20.0,0.0,0.0,25.0,0.0,9.5,1.9912381280230027,40.94413467757293,15.740179600366648,14.700743692633171,16.50480562166087,9.70546930630874,8.06469131506862,7.589050100021402,23.82627663010117,9.37999332437506,12.806738790665673
07_10,Raw Data\07_10\07_10_test_41.csv,,Integrated Beam Prototype 2,-0.046833 -0.046833 -0.046016 -0.046016 : 0.009751 0.009751 0.048646 0.048646 : 0.451608 0.451608 0.359203 0.359203,lo,89.0,20.0,0.0,0.0,25.0,0.0,9.5,1.9912381280230027,40.94413467757293,14.5184332407108,16.663468657320806,16.2080274341274,7.690264031439291,6.967826050477924,9.42978963695591,24.14045065671699,10.159912147374524,11.487245743904582
07_10,Raw Data\07_10\07_10_test_42.csv,,Integrated Beam Prototype 2,-0.046833 -0.046833 -0.046016 -0.046016 : 0.009751 0.009751 0.048646 0.048646 : 0.451608 0.451608 0.359203 0.359203,lo,89.0,20.0,0.0,0.0,25.0,0.0,9.5,1.9912381280230027,40.94413467757293,13.735315094035553,15.513261295354038,18.157008458048782,7.938996975616867,5.602021869169207,7.830242732276142,22.55777077261369,8.519924064090658,10.712000800062574
07_10,Raw Data\07_10\07_10_test_43.csv,,Integrated Beam Prototype 2,-0.046833 -0.046833 -0.046016 -0.046016 : 0.009751 0.009751 0.048646 0.048646 : 0.451608 0.451608 0.359203 0.359203,lo,89.0,20.0,0.0,0.0,25.0,0.0,9.5,1.9912381280230027,40.94413467757293,13.303916328203004,15.799921672591289,18.12243963289764,8.438549071081964,6.861805912342575,6.717587036704846,17.571883090899732,8.28503055708303,11.514907892939377
07_10,Raw Data\07_10\07_10_test_44.csv,,Integrated Beam Prototype 2,-0.046833 -0.046833 -0.046016 -0.046016 : 0.009751 0.009751 0.048646 0.048646 : 0.451608 0.451608 0.359203 0.359203,lo,89.0,20.0,0.0,0.0,25.0,0.0,9.5,1.9912381280230027,40.94413467757293,15.24985102876481,14.540594169106276,18.703777736771347,7.425754940489893,7.263517952876594,9.590475353050005,23.91255164646393,7.40236246336827,10.041407718558602
07_10,Raw Data\07_10\07_10_test_45.csv,,Integrated Beam Prototype 2,-0.046833 -0.046833 -0.046016 -0.046016 : 0.009751 0.009751 0.048646 0.048646 : 0.451608 0.451608 0.359203 0.359203,lo,89.0,20.0,0.0,0.0,25.0,0.0,9.5,1.9912381280230027,40.94413467757293,14.81253059442339,14.53384705938144,14.975929913317456,8.073372744722688,7.455799459030437,9.722427642300325,24.57384262485217,9.513228457692149,13.127438048637137
07_10,Raw Data\07_10\07_10_test_5.csv,,Integrated Beam Prototype 2,-0.046833 -0.046833 -0.046016 -0.046016 : 0.009751 0.009751 0.048646 0.048646 : 0.451608 0.451608 0.359203 0.359203,hi,88.9,20.0,0.0,0.0,25.0,0.0,7.5,0.7759448352898894,42.74483276834543,35.23025715827008,30.177721550298617,32.110956861262565,34.17371356098285,33.79462127838714,37.686192219792936,34.742269379793896,37.6333328380212,34.940230551222164
07_10,Raw Data\07_10\07_10_test_6.csv,,Integrated Beam Prototype 2,-0.046833 -0.046833 -0.046016 -0.046016 : 0.009751 0.009751 0.048646 0.048646 : 0.451608 0.451608 0.359203 0.359203,hi,88.9,20.0,0.0,0.0,25.0,0.0,7.5,0.7759448352898894,42.74483276834543,31.2965924669364,29.125895849218864,32.206787761404286,32.02661413792075,34.91381458348444,34.50849455772543,32.95647907197424,28.64292125671392,32.19184705544699
07_10,Raw Data\07_10\07_10_test_7.csv,,Integrated Beam Prototype 2,-0.046833 -0.046833 -0.046016 -0.046016 : 0.009751 0.009751 0.048646 0.048646 : 0.451608 0.451608 0.359203 0.359203,hi,88.9,20.0,0.0,0.0,25.0,0.0,7.5,0.7759448352898894,42.74483276834543,33.620728471444544,29.156702682363488,33.35469852146193,32.28219223010808,33.564373065370226,35.34878698115342,31.81789051759309,28.60092708787877,34.05117031160513
07_10,Raw Data\07_10\07_10_test_8.csv,,Integrated Beam Prototype 2,-0.046833 -0.046833 -0.046016 -0.046016 : 0.009751 0.009751 0.048646 0.048646 : 0.451608 0.451608 0.359203 0.359203,hi,88.9,20.0,0.0,0.0,25.0,0.0,7.5,0.7759448352898894,42.74483276834543,34.21426540706584,29.41484442561533,28.379534225827605,36.55935919460828,34.07513501381316,35.93342297670187,34.155667959174934,27.651121698998992,31.496455527298263
07_10,Raw Data\07_10\07_10_test_9.csv,,Integrated Beam Prototype 2,-0.046833 -0.046833 -0.046016 -0.046016 : 0.009751 0.009751 0.048646 0.048646 : 0.451608 0.451608 0.359203 0.359203,hi,88.9,20.0,0.0,0.0,25.0,0.0,7.5,0.7759448352898894,42.74483276834543,35.4472438242229,27.89674493836568,31.71979340646562,35.930227336366166,34.97878738507023,34.498333395524554,33.13022269426677,30.114004869548506,35.656626930286265
07_10,Raw Data\07_10\07_10_test_101.csv,,Integrated Beam Prototype 3,-0.046833 -0.046833 -0.046016 -0.046016 : 0.009751 0.009751 0.048646 0.048646 : 0.451608 0.451608 0.359203 0.359203,lo,89.0,15.0,0.0,0.0,25.0,0.0,9.5,1.5985589916178096,47.72367394105809,20.6475302648962,17.00271012928971,18.46923238929315,10.32614496617405,5.154699480305571,9.889943316577629,15.383981587817228,9.802013348669345,16.308800013806486
07_10,Raw Data\07_10\07_10_test_102.csv,,Integrated Beam Prototype 3,-0.046833 -0.046833 -0.046016 -0.046016 : 0.009751 0.009751 0.048646 0.048646 : 0.451608 0.451608 0.359203 0.359203,lo,89.0,15.0,0.0,0.0,25.0,0.0,9.5,1.5985589916178096,47.72367394105809,20.07328825735578,20.41823142327612,19.714068875932416,10.589731688237444,11.571987319916367,7.765691204673547,23.844053319838928,8.980240922094739,12.716765220846751
07_10,Raw Data\07_10\07_10_test_103.csv,,Integrated Beam Prototype 3,-0.046833 -0.046833 -0.046016 -0.046016 : 0.009751 0.009751 0.048646 0.048646 : 0.451608 0.451608 0.359203 0.359203,lo,89.0,15.0,0.0,0.0,25.0,0.0,9.5,1.5985589916178096,47.72367394105809,14.176446009658846,17.540932859770457,28.81917688273004,11.72400778314044,7.2394751690821,6.553109437051785,21.322480969761656,13.073086163230933,8.588918768542305
07_10,Raw Data\07_10\07_10_test_104.csv,,Integrated Beam Prototype 3,-0.046833 -0.046833 -0.046016 -0.046016 : 0.009751 0.009751 0.048646 0.048646 : 0.451608 0.451608 0.359203 0.359203,lo,89.0,15.0,0.0,0.0,25.0,0.0,9.5,1.5985589916178096,47.72367394105809,16.730128761926927,16.91714642285764,22.09136807122467,6.754935938746139,8.151996004709336,5.8861564150257415,27.0674855128327,8.249974461281862,11.428057439313552
07_10,Raw Data\07_10\07_10_test_105.csv,,Integrated Beam Prototype 3,-0.046833 -0.046833 -0.046016 -0.046016 : 0.009751 0.009751 0.048646 0.048646 : 0.451608 0.451608 0.359203 0.359203,lo,89.0,15.0,0.0,0.0,25.0,0.0,9.5,1.5985589916178096,47.72367394105809,19.734851540788576,20.75252336772882,23.54911377993753,11.269715316090304,7.387396357486601,6.574296015342568,15.76268406042629,6.918717398463384,13.168050870245896
07_10,Raw Data\07_10\07_10_test_106.csv,,Integrated Beam Prototype 3,-0.046833 -0.046833 -0.046016 -0.046016 : 0.009751 0.009751 0.048646 0.048646 : 0.451608 0.451608 0.359203 0.359203,lo,89.0,15.0,0.0,0.0,25.0,0.0,9.5,1.5985589916178096,47.72367394105809,18.894792808933776,18.924882110564912,17.56767827183412,10.639674809597802,7.261384033993031,6.838146408897001,16.179113115322775,9.509617915448372,16.872364728963763
07_10,Raw Data\07_10\07_10_test_107.csv,,Integrated Beam Prototype 3,-0.046833 -0.046833 -0.046016 -0.046016 : 0.009751 0.009751 0.048646 0.048646 : 0.451608 0.451608 0.359203 0.359203,lo,89.0,15.0,0.0,0.0,25.0,0.0,9.5,1.5985589916178096,47.72367394105809,15.133450135163011,17.81887754762185,19.66026941706852,10.218360906871442,4.59661726483612,11.792448251830889,14.455597259517772,7.228386725438511,14.974254293625796
07_10,Raw Data\07_10\07_10_test_108.csv,,Integrated Beam Prototype 3,-0.046833 -0.046833 -0.046016 -0.046016 : 0.009751 0.009751 0.048646 0.048646 : 0.451608 0.451608 0.359203 0.359203,lo,89.0,15.0,0.0,0.0,25.0,0.0,9.5,1.5985589916178096,47.72367394105809,14.779841906132464,15.981905733968768,31.68578830039393,13.524774447651414,8.278773622839507,8.433405300985038,24.582114583215105,6.8015128563485785,13.574454813506346
07_10,Raw Data\07_10\07_10_test_109.csv,,Integrated Beam Prototype 3,-0.046833 -0.046833 -0.046016 -0.046016 : 0.009751 0.009751 0.048646 0.048646 : 0.451608 0.451608 0.359203 0.359203,lo,89.0,15.0,0.0,0.0,25.0,0.0,9.5,1.5985589916178096,47.72367394105809,14.678344518766965,15.363380887711076,16.444239728406533,10.315789740668386,13.713719923772633,7.269398917593399,17.473344587031153,8.202393100530662,10.266344202675432
07_10,Raw Data\07_10\07_10_test_110.csv,,Integrated Beam Prototype 3,-0.046833 -0.046833 -0.046016 -0.046016 : 0.009751 0.009751 0.048646 0.048646 : 0.451608 0.451608 0.359203 0.359203,lo,89.0,15.0,0.0,0.0,25.0,0.0,9.5,1.5985589916178096,47.72367394105809,16.421935763690637,15.406147250533204,25.67276116140487,11.229347895232651,9.565764136611437,4.84152886724465,26.428505722205884,7.100812859179862,11.095632884128117
07_10,Raw Data\07_10\07_10_test_111.csv,,Integrated Beam Prototype 3,-0.046833 -0.046833 -0.046016 -0.046016 : 0.009751 0.009751 0.048646 0.048646 : 0.451608 0.451608 0.359203 0.359203,lo,89.0,15.0,0.0,0.0,25.0,0.0,9.5,1.5985589916178096,47.72367394105809,16.92060823791923,17.422040013570022,16.052002664799154,10.469978335978688,8.37556693118938,9.638824148693448,21.89928968020004,6.710548892466161,14.547916089842786
07_10,Raw Data\07_10\07_10_test_112.csv,,Integrated Beam Prototype 3,-0.046833 -0.046833 -0.046016 -0.046016 : 0.009751 0.009751 0.048646 0.048646 : 0.451608 0.451608 0.359203 0.359203,lo,89.0,15.0,0.0,0.0,25.0,0.0,9.5,1.5985589916178096,47.72367394105809,17.199418173271543,16.330521578679217,25.617042923428897,10.325585709668673,6.236177766365101,14.650837049013791,18.930537672506013,8.251383028152429,14.811960380861
07_10,Raw Data\07_10\07_10_test_113.csv,,Integrated Beam Prototype 3,-0.046833 -0.046833 -0.046016 -0.046016 : 0.009751 0.009751 0.048646 0.048646 : 0.451608 0.451608 0.359203 0.359203,lo,89.0,15.0,0.0,0.0,25.0,0.0,9.5,1.5985589916178096,47.72367394105809,14.273614136962276,18.6210910570103,16.87212247610241,11.914400334510605,7.658808671939609,12.347656820864591,24.60505013700136,12.180803637622702,11.912043139110157
07_10,Raw Data\07_10\07_10_test_114.csv,,Integrated Beam Prototype 3,-0.046833 -0.046833 -0.046016 -0.046016 : 0.009751 0.009751 0.048646 0.048646 : 0.451608 0.451608 0.359203 0.359203,lo,89.0,15.0,0.0,0.0,25.0,0.0,9.5,1.5985589916178096,47.72367394105809,14.396375658658163,15.693319600665836,22.327659422340567,8.7229464184708,9.49552087830289,11.686350277941957,24.293551161114685,12.171401204652126,15.171165389883832
07_10,Raw Data\07_10\07_10_test_115.csv,,Integrated Beam Prototype 3,-0.046833 -0.046833 -0.046016 -0.046016 : 0.009751 0.009751 0.048646 0.048646 : 0.451608 0.451608 0.359203 0.359203,lo,89.0,15.0,0.0,0.0,25.0,0.0,9.5,1.5985589916178096,47.72367394105809,18.58354218686777,14.759610772799832,22.658169704357288,10.074886684318164,5.847647118286091,6.539064850082127,22.44276836573585,11.069872225514436,15.532550177584769
07_10,Raw Data\07_10\07_10_test_116.csv,,Integrated Beam Prototype 3,-0.046833 -0.046833 -0.046016 -0.046016 : 0.009751 0.009751 0.048646 0.048646 : 0.451608 0.451608 0.359203 0.359203,med,89.0,15.0,0.0,0.0,25.0,0.0,9.0,0.4264549744076538,40.58386269608459,24.714758735647205,23.571231530301755,22.91836215962707,28.18558000099281,29.771205880091888,28.2681996661118,25.79466256783457,27.373519677677216,24.54179833008351
07_10,Raw Data\07_10\07_10_test_117.csv,,Integrated Beam Prototype 3,-0.046833 -0.046833 -0.046016 -0.046016 : 0.009751 0.009751 0.048646 0.048646 : 0.451608 0.451608 0.359203 0.359203,med,89.0,15.0,0.0,0.0,25.0,0.0,9.0,0.4264549744076538,40.58386269608459,23.06890028903949,18.66147048037404,19.96527215457916,31.8149707037185,27.1991009059064,27.0626069040115,24.322367861562807,30.10517566823514,24.700220799843542
07_10,Raw Data\07_10\07_10_test_118.csv,,Integrated Beam Prototype 3,-0.046833 -0.046833 -0.046016 -0.046016 : 0.009751 0.009751 0.048646 0.048646 : 0.451608 0.451608 0.359203 0.359203,med,89.0,15.0,0.0,0.0,25.0,0.0,9.0,0.4264549744076538,40.58386269608459,21.810975530785555,22.531864926551528,20.77610870277797,27.55791890689365,26.731368945701355,28.386617472263865,26.30167133026256,27.392983114368946,26.14607819927248
07_10,Raw Data\07_10\07_10_test_119.csv,,Integrated Beam Prototype 3,-0.046833 -0.046833 -0.046016 -0.046016 : 0.009751 0.009751 0.048646 0.048646 : 0.451608 0.451608 0.359203 0.359203,med,89.0,15.0,0.0,0.0,25.0,0.0,9.0,0.4264549744076538,40.58386269608459,25.310068376321144,19.515555997429267,20.751404329985498,26.67029887348972,24.25914302598452,23.137002013839343,22.59160148803788,23.36061911271732,18.17851807303625
07_10,Raw Data\07_10\07_10_test_120.csv,,Integrated Beam Prototype 3,-0.046833 -0.046833 -0.046016 -0.046016 : 0.009751 0.009751 0.048646 0.048646 : 0.451608 0.451608 0.359203 0.359203,med,89.0,15.0,0.0,0.0,25.0,0.0,9.0,0.4264549744076538,40.58386269608459,25.95323449285226,22.75205134645969,19.4947997547916,28.78855386743952,27.547725098499868,26.167475974105688,26.132801266234704,21.108806801032813,21.19718392470078
07_10,Raw Data\07_10\07_10_test_121.csv,,Integrated Beam Prototype 3,-0.046833 -0.046833 -0.046016 -0.046016 : 0.009751 0.009751 0.048646 0.048646 : 0.451608 0.451608 0.359203 0.359203,med,89.0,15.0,0.0,0.0,25.0,0.0,9.0,0.4264549744076538,40.58386269608459,18.43952363834364,24.128622322449186,22.447355566667284,24.34500189875272,22.45528803916265,23.967839569607552,15.236227409593202,25.11737276749089,20.22146228021425
07_10,Raw Data\07_10\07_10_test_122.csv,,Integrated Beam Prototype 3,-0.046833 -0.046833 -0.046016 -0.046016 : 0.009751 0.009751 0.048646 0.048646 : 0.451608 0.451608 0.359203 0.359203,med,89.0,15.0,0.0,0.0,25.0,0.0,9.0,0.4264549744076538,40.58386269608459,20.29114801942021,26.51756907666322,29.02905243090962,26.57007451728909,24.37716899980865,25.489103262867395,23.29476429981166,24.450661154721647,22.331927188934884
07_10,Raw Data\07_10\07_10_test_123.csv,,Integrated Beam Prototype 3,-0.046833 -0.046833 -0.046016 -0.046016 : 0.009751 0.009751 0.048646 0.048646 : 0.451608 0.451608 0.359203 0.359203,med,89.0,15.0,0.0,0.0,25.0,0.0,9.0,0.4264549744076538,40.58386269608459,21.886254862299943,22.33843017126168,22.698028476393183,26.3367752013526,22.797113813307565,25.645832424113703,23.85798474957444,25.62970446789752,22.618829901516023
07_10,Raw Data\07_10\07_10_test_124.csv,,Integrated Beam Prototype 3,-0.046833 -0.046833 -0.046016 -0.046016 : 0.009751 0.009751 0.048646 0.048646 : 0.451608 0.451608 0.359203 0.359203,med,89.0,15.0,0.0,0.0,25.0,0.0,9.0,0.4264549744076538,40.58386269608459,22.87876753784224,19.93100114960276,22.602361722670267,25.012346788008685,24.68654749211834,27.743868239945268,24.381792733617907,24.232153323979976,24.430774740321617
07_10,Raw Data\07_10\07_10_test_125.csv,,Integrated Beam Prototype 3,-0.046833 -0.046833 -0.046016 -0.046016 : 0.009751 0.009751 0.048646 0.048646 : 0.451608 0.451608 0.359203 0.359203,med,89.0,15.0,0.0,0.0,25.0,0.0,9.0,0.4264549744076538,40.58386269608459,21.5226612535374,21.209894204936816,22.520382773520712,26.87906285682561,24.577977281206387,25.59349804077573,25.61245794872068,29.32524430483621,19.871105818048363
07_10,Raw Data\07_10\07_10_test_126.csv,,Integrated Beam Prototype 3,-0.046833 -0.046833 -0.046016 -0.046016 : 0.009751 0.009751 0.048646 0.048646 : 0.451608 0.451608 0.359203 0.359203,med,89.0,15.0,0.0,0.0,25.0,0.0,9.0,0.4264549744076538,40.58386269608459,21.003950911922686,20.58618000126076,23.903103684726585,27.6032497430332,28.164596691121364,28.4416335452123,27.456588028415027,22.79477346363852,26.48143308164787
07_10,Raw Data\07_10\07_10_test_127.csv,,Integrated Beam Prototype 3,-0.046833 -0.046833 -0.046016 -0.046016 : 0.009751 0.009751 0.048646 0.048646 : 0.451608 0.451608 0.359203 0.359203,med,89.0,15.0,0.0,0.0,25.0,0.0,9.0,0.4264549744076538,40.58386269608459,24.58127972342307,24.571478122002368,18.42593715494946,29.37089176782761,26.5596068869552,25.81576857869217,24.64666465595356,26.48266506412472,20.25573387257376
07_10,Raw Data\07_10\07_10_test_128.csv,,Integrated Beam Prototype 3,-0.046833 -0.046833 -0.046016 -0.046016 : 0.009751 0.009751 0.048646 0.048646 : 0.451608 0.451608 0.359203 0.359203,med,89.0,15.0,0.0,0.0,25.0,0.0,9.0,0.4264549744076538,40.58386269608459,21.81711860336015,22.097631900853024,20.91820472421223,22.776784965710696,23.752518399720163,26.192770218747576,28.680781862729305,28.74563858531983,21.383346766328568
07_10,Raw Data\07_10\07_10_test_129.csv,,Integrated Beam Prototype 3,-0.046833 -0.046833 -0.046016 -0.046016 : 0.009751 0.009751 0.048646 0.048646 : 0.451608 0.451608 0.359203 0.359203,med,89.0,15.0,0.0,0.0,25.0,0.0,9.0,0.4264549744076538,40.58386269608459,23.260093599486265,22.851686500564668,21.3454956392952,28.106258220352075,27.793473426735368,26.4731325358883,22.849794313856773,24.311436906529952,23.019263507803508
07_10,Raw Data\07_10\07_10_test_130.csv,,Integrated Beam Prototype 3,-0.046833 -0.046833 -0.046016 -0.046016 : 0.009751 0.009751 0.048646 0.048646 : 0.451608 0.451608 0.359203 0.359203,med,89.0,15.0,0.0,0.0,25.0,0.0,9.0,0.4264549744076538,40.58386269608459,22.64720695980822,23.04822241322143,24.170086081786547,24.89164590042364,22.02919966650656,25.94790622377243,26.161829296696045,24.622243199053145,23.38672884944465
07_10,Raw Data\07_10\07_10_test_131.csv,,Integrated Beam Prototype 3,-0.046833 -0.046833 -0.046016 -0.046016 : 0.009751 0.009751 0.048646 0.048646 : 0.451608 0.451608 0.359203 0.359203,hi,89.0,15.0,0.0,0.0,25.0,0.0,9.0,0.6340008039082259,45.55075816124967,37.37934447138662,35.735109427906536,35.973824736423296,43.7525529823813,40.2549068406499,41.17393459302854,41.708588001058935,33.92867241526429,30.840858278004912
07_10,Raw Data\07_10\07_10_test_132.csv,,Integrated Beam Prototype 3,-0.046833 -0.046833 -0.046016 -0.046016 : 0.009751 0.009751 0.048646 0.048646 : 0.451608 0.451608 0.359203 0.359203,hi,89.0,15.0,0.0,0.0,25.0,0.0,9.0,0.6340008039082259,45.55075816124967,38.09174109900855,36.31530924535234,37.52373603918477,43.4101979930422,40.656740312112845,48.44714675278109,41.03814038167323,36.39712348808201,38.96684538483522
07_10,Raw Data\07_10\07_10_test_133.csv,,Integrated Beam Prototype 3,-0.046833 -0.046833 -0.046016 -0.046016 : 0.009751 0.009751 0.048646 0.048646 : 0.451608 0.451608 0.359203 0.359203,hi,89.0,15.0,0.0,0.0,25.0,0.0,9.0,0.6340008039082259,45.55075816124967,39.74150470404143,38.927754092649344,39.06990718084084,43.56843330125463,43.79288348306966,43.96010072666109,40.59941464928417,32.94936964724411,35.74926684110831
07_10,Raw Data\07_10\07_10_test_134.csv,,Integrated Beam Prototype 3,-0.046833 -0.046833 -0.046016 -0.046016 : 0.009751 0.009751 0.048646 0.048646 : 0.451608 0.451608 0.359203 0.359203,hi,89.0,15.0,0.0,0.0,25.0,0.0,9.0,0.6340008039082259,45.55075816124967,42.416422291754806,35.003379995922394,44.81765763931483,36.28365418469032,41.38625007860354,46.54904430526803,41.50107283815096,30.19433407273989,38.48536056804427
07_10,Raw Data\07_10\07_10_test_135.csv,,Integrated Beam Prototype 3,-0.046833 -0.046833 -0.046016 -0.046016 : 0.009751 0.009751 0.048646 0.048646 : 0.451608 0.451608 0.359203 0.359203,hi,89.0,15.0,0.0,0.0,25.0,0.0,9.0,0.6340008039082259,45.55075816124967,41.68399122547072,35.48505316677207,37.06931353367741,48.48945692200686,44.542312553049605,43.00462462364022,47.25743044036822,32.41836085871329,33.87488397893901
07_10,Raw Data\07_10\07_10_test_136.csv,,Integrated Beam Prototype 3,-0.046833 -0.046833 -0.046016 -0.046016 : 0.009751 0.009751 0.048646 0.048646 : 0.451608 0.451608 0.359203 0.359203,hi,89.0,15.0,0.0,0.0,25.0,0.0,9.0,0.6340008039082259,45.55075816124967,41.04101384628626,39.03282759700932,39.63939498388696,41.44721745117627,41.73307576579791,43.704820868788296,39.40753558573885,35.59003412642742,39.110452268865416
07_10,Raw Data\07_10\07_10_test_137.csv,,Integrated Beam Prototype 3,-0.046833 -0.046833 -0.046016 -0.046016 : 0.009751 0.009751 0.048646 0.048646 : 0.451608 0.451608 0.359203 0.359203,hi,89.0,15.0,0.0,0.0,25.0,0.0,9.0,0.6340008039082259,45.55075816124967,40.11592545687064,36.09903747819815,37.67555047130661,48.41129917933807,45.61581804272597,45.19967254939421,43.52891225367995,35.55153072367098,35.81341081140948
07_10,Raw Data\07_10\07_10_test_138.csv,,Integrated Beam Prototype 3,-0.046833 -0.046833 -0.046016 -0.046016 : 0.009751 0.009751 0.048646 0.048646 : 0.451608 0.451608 0.359203 0.359203,hi,89.0,15.0,0.0,0.0,25.0,0.0,9.0,0.6340008039082259,45.55075816124967,41.32634349312817,34.44806335496288,37.36031915710032,39.492660462274685,41.76023196127269,44.86591724046468,40.07064216282436,31.397084079657173,40.462528596671085
07_10,Raw Data\07_10\07_10_test_139.csv,,Integrated Beam Prototype 3,-0.046833 -0.046833 -0.046016 -0.046016 : 0.009751 0.009751 0.048646 0.048646 : 0.451608 0.451608 0.359203 0.359203,hi,89.0,15.0,0.0,0.0,25.0,0.0,9.0,0.6340008039082259,45.55075816124967,40.51756532552803,31.85881278444689,37.573578173534095,43.06961090446712,43.58342670660408,42.123849595963776,44.35059422592576,34.25103087149216,33.817934778711255
07_10,Raw Data\07_10\07_10_test_140.csv,,Integrated Beam Prototype 3,-0.046833 -0.046833 -0.046016 -0.046016 : 0.009751 0.009751 0.048646 0.048646 : 0.451608 0.451608 0.359203 0.359203,hi,89.0,15.0,0.0,0.0,25.0,0.0,9.0,0.6340008039082259,45.55075816124967,41.697929319293394,38.8687115144317,36.24464295959996,39.8692380757033,41.83636834463814,44.98102299928584,41.99051950470844,36.94629222337851,34.254136836177224
07_10,Raw Data\07_10\07_10_test_141.csv,,Integrated Beam Prototype 3,-0.046833 -0.046833 -0.046016 -0.046016 : 0.009751 0.009751 0.048646 0.048646 : 0.451608 0.451608 0.359203 0.359203,hi,89.0,15.0,0.0,0.0,25.0,0.0,9.0,0.6340008039082259,45.55075816124967,34.12421909419542,38.00111369514556,39.15294352654791,45.829288635029386,45.65415563218006,39.17755269781699,44.56784043155952,36.46852365754948,40.489170694603295
07_10,Raw Data\07_10\07_10_test_142.csv,,Integrated Beam Prototype 3,-0.046833 -0.046833 -0.046016 -0.046016 : 0.009751 0.009751 0.048646 0.048646 : 0.451608 0.451608 0.359203 0.359203,hi,89.0,15.0,0.0,0.0,25.0,0.0,9.0,0.6340008039082259,45.55075816124967,37.67538465542238,39.53214162890011,36.74723338729416,45.88663397779545,46.3760619006901,45.19704143813537,38.12120940473538,33.05434295203474,38.55463803197599
07_10,Raw Data\07_10\07_10_test_143.csv,,Integrated Beam Prototype 3,-0.046833 -0.046833 -0.046016 -0.046016 : 0.009751 0.009751 0.048646 0.048646 : 0.451608 0.451608 0.359203 0.359203,hi,89.0,15.0,0.0,0.0,25.0,0.0,9.0,0.6340008039082259,45.55075816124967,39.86330826067846,35.800979379184454,34.10429528362504,40.10045417786582,44.44277932123035,42.7195248777304,40.004622955862594,33.275481648847006,37.33914435181602
07_10,Raw Data\07_10\07_10_test_144.csv,,Integrated Beam Prototype 3,-0.046833 -0.046833 -0.046016 -0.046016 : 0.009751 0.009751 0.048646 0.048646 : 0.451608 0.451608 0.359203 0.359203,hi,89.0,15.0,0.0,0.0,25.0,0.0,9.0,0.6340008039082259,45.55075816124967,37.0648321749086,34.72461154643483,37.246610695558736,37.782566607422645,39.95302006467153,47.52948595732769,42.790406448747945,36.86048944067368,38.23231721442368
07_10,Raw Data\07_10\07_10_test_145.csv,,Integrated Beam Prototype 3,-0.046833 -0.046833 -0.046016 -0.046016 : 0.009751 0.009751 0.048646 0.048646 : 0.451608 0.451608 0.359203 0.359203,hi,89.0,15.0,0.0,0.0,25.0,0.0,9.0,0.6340008039082259,45.55075816124967,39.6246208718754,38.78219514048338,35.4808784450514,44.40922815198782,43.50250345664266,43.46229852930454,42.35240337079608,34.56101638337102,37.35761433643796
07_11,Raw Data\07_11\07_11_test_1.csv,,Integrated Beam Prototype 3,-0.046833 -0.046833 -0.046016 -0.046016 : 0.009751 0.009751 0.048646 0.048646 : 0.451608 0.451608 0.359203 0.359203,hi,89.0,15.0,0.0,0.0,25.0,0.0,9.0,0.6769405969304116,48.28143329010656,39.80509632268365,38.560755534375545,41.41649420364663,45.879580445125015,44.814119225818565,46.357818152603656,39.18087191419354,34.07422565378635,38.14507972055014
07_11,Raw Data\07_11\07_11_test_2.csv,,Integrated Beam Prototype 3,-0.046833 -0.046833 -0.046016 -0.046016 : 0.009751 0.009751 0.048646 0.048646 : 0.451608 0.451608 0.359203 0.359203,hi,89.0,15.0,0.0,0.0,25.0,0.0,9.0,0.6769405969304116,48.28143329010656,41.40070025692731,35.76562719347756,30.001103215980766,43.43345668475269,44.24588662750658,38.87457615525789,40.96285800362763,35.09677333019619,32.09296299691427
07_11,Raw Data\07_11\07_11_test_3.csv,,Integrated Beam Prototype 3,-0.046833 -0.046833 -0.046016 -0.046016 : 0.009751 0.009751 0.048646 0.048646 : 0.451608 0.451608 0.359203 0.359203,hi,89.0,15.0,0.0,0.0,25.0,0.0,9.0,0.6769405969304116,48.28143329010656,41.46016370530668,31.227987490496314,35.39546789918043,41.33833671084884,41.67360756907353,43.99541929871592,40.36558186566228,35.35305381961309,40.29847481644241
07_11,Raw Data\07_11\07_11_test_4.csv,,Integrated Beam Prototype 3,-0.046833 -0.046833 -0.046016 -0.046016 : 0.009751 0.009751 0.048646 0.048646 : 0.451608 0.451608 0.359203 0.359203,hi,89.0,15.0,0.0,0.0,25.0,0.0,9.0,0.6769405969304116,48.28143329010656,37.483155446476815,32.80855618659609,35.506565263442084,42.21713588057074,46.5433750527198,38.63369275673622,43.95633119609024,35.20617145778556,35.18006060411592
07_11,Raw Data\07_11\07_11_test_5.csv,,Integrated Beam Prototype 3,-0.046833 -0.046833 -0.046016 -0.046016 : 0.009751 0.009751 0.048646 0.048646 : 0.451608 0.451608 0.359203 0.359203,hi,89.0,15.0,0.0,0.0,25.0,0.0,9.0,0.6769405969304116,48.28143329010656,40.15129492029176,34.20804183865653,36.18253694536911,38.91042049538666,39.41243341441023,47.49544471280194,44.27532121889435,34.503246818923,38.38548823355248
07_11,Raw Data\07_11\07_11_test_6.csv,,Integrated Beam Prototype 3,-0.046833 -0.046833 -0.046016 -0.046016 : 0.009751 0.009751 0.048646 0.048646 : 0.451608 0.451608 0.359203 0.359203,hi,89.0,15.0,0.0,0.0,25.0,0.0,9.0,0.6769405969304116,48.28143329010656,38.27055586782794,32.74188759606704,33.155899357988254,47.22408301204901,49.87651729107196,40.347078113266974,41.04320674419982,38.65611903064995,31.55814498276866
07_11,Raw Data\07_11\07_11_test_7.csv,,Integrated Beam Prototype 3,-0.046833 -0.046833 -0.046016 -0.046016 : 0.009751 0.009751 0.048646 0.048646 : 0.451608 0.451608 0.359203 0.359203,hi,89.0,15.0,0.0,0.0,25.0,0.0,9.0,0.6769405969304116,48.28143329010656,40.36585509261563,35.23677658128254,38.90238628444276,43.77813806443442,40.61457662625023,48.49130587201973,41.29419358603502,28.39555752660456,41.087507574280885
07_11,Raw Data\07_11\07_11_test_8.csv,,Integrated Beam Prototype 3,-0.046833 -0.046833 -0.046016 -0.046016 : 0.009751 0.009751 0.048646 0.048646 : 0.451608 0.451608 0.359203 0.359203,hi,89.0,15.0,0.0,0.0,25.0,0.0,9.0,0.6769405969304116,48.28143329010656,43.80490669049586,33.31827991702321,36.10778324575787,42.32093665327861,44.32110294981407,36.5915078823721,40.3852351620413,33.39169544996552,38.36674199810948
07_11,Raw Data\07_11\07_11_test_9.csv,,Integrated Beam Prototype 3,-0.046833 -0.046833 -0.046016 -0.046016 : 0.009751 0.009751 0.048646 0.048646 : 0.451608 0.451608 0.359203 0.359203,hi,89.0,15.0,0.0,0.0,25.0,0.0,9.0,0.6769405969304116,48.28143329010656,42.202978177055904,34.45088100641283,35.342798314261785,42.48028374043681,40.82055019714657,44.76304271781795,39.4095526100536,39.19173281784251,37.52139077487636
07_11,Raw Data\07_11\07_11_test_10.csv,,Integrated Beam Prototype 3,-0.046833 -0.046833 -0.046016 -0.046016 : 0.009751 0.009751 0.048646 0.048646 : 0.451608 0.451608 0.359203 0.359203,hi,89.0,15.0,0.0,0.0,25.0,0.0,9.0,0.6769405969304116,48.28143329010656,40.27270030595761,33.45236766123016,33.44712918174752,43.36418200266992,40.062589433914304,40.16327539606687,41.307737620890286,36.29403229120148,39.5192460541715
07_11,Raw Data\07_11\07_11_test_11.csv,,Integrated Beam Prototype 3,-0.046833 -0.046833 -0.046016 -0.046016 : 0.009751 0.009751 0.048646 0.048646 : 0.451608 0.451608 0.359203 0.359203,hi,89.0,15.0,0.0,0.0,25.0,0.0,9.0,0.6769405969304116,48.28143329010656,38.16052255750412,34.03755092312364,38.34383338684812,39.710934446889134,41.88790271132687,40.67416809210645,43.56678219884322,31.904986779297143,42.4252167581267
07_11,Raw Data\07_11\07_11_test_12.csv,,Integrated Beam Prototype 3,-0.046833 -0.046833 -0.046016 -0.046016 : 0.009751 0.009751 0.048646 0.048646 : 0.451608 0.451608 0.359203 0.359203,hi,89.0,15.0,0.0,0.0,25.0,0.0,9.0,0.6769405969304116,48.28143329010656,40.30985703746059,34.959702930617844,34.876251631288575,47.093963904816135,40.7973651406146,40.89185620296771,38.5130055397152,33.87341653476527,31.505924033994333
07_11,Raw Data\07_11\07_11_test_13.csv,,Integrated Beam Prototype 3,-0.046833 -0.046833 -0.046016 -0.046016 : 0.009751 0.009751 0.048646 0.048646 : 0.451608 0.451608 0.359203 0.359203,hi,89.0,15.0,0.0,0.0,25.0,0.0,9.0,0.6769405969304116,48.28143329010656,43.214162686841625,35.09880169059876,38.75934104487811,41.38781352970407,45.101092520329736,44.5301780904756,38.95036851350565,34.77307453455758,35.771275012868344
07_11,Raw Data\07_11\07_11_test_14.csv,,Integrated Beam Prototype 3,-0.046833 -0.046833 -0.046016 -0.046016 : 0.009751 0.009751 0.048646 0.048646 : 0.451608 0.451608 0.359203 0.359203,hi,89.0,15.0,0.0,0.0,25.0,0.0,9.0,0.6769405969304116,48.28143329010656,37.025089008671,33.39026780403665,34.914097352771456,38.73679917523436,43.40167433995061,40.1138893278933,40.38402947403066,34.034763756856805,33.2160357833
07_11,Raw Data\07_11\07_11_test_15.csv,,Integrated Beam Prototype 3,-0.046833 -0.046833 -0.046016 -0.046016 : 0.009751 0.009751 0.048646 0.048646 : 0.451608 0.451608 0.359203 0.359203,hi,89.0,15.0,0.0,0.0,25.0,0.0,9.0,0.6769405969304116,48.28143329010656,39.68991302716857,31.168572238812356,36.535346081887724,40.30821237280965,39.31411985011661,45.73675028427756,37.18798185615155,31.405356389140113,41.045930315035925
07_11,Raw Data\07_11\07_11_test_16.csv,,Integrated Beam Prototype 3 Fast,-0.046833 -0.046833 -0.046016 -0.046016 : 0.009751 0.009751 0.048646 0.048646 : 0.451608 0.451608 0.359203 0.359203,hi,89.0,15.0,0.0,0.0,74.0,0.0,9.0,4.0,150.0,31.872419833739865,26.655888555745225,26.35497700186524,18.12852765576108,25.372358869113505,24.964494688792808,25.97801586653254,31.08815759492865,26.81212564254041
07_11,Raw Data\07_11\07_11_test_17.csv,,Integrated Beam Prototype 3 Fast,-0.046833 -0.046833 -0.046016 -0.046016 : 0.009751 0.009751 0.048646 0.048646 : 0.451608 0.451608 0.359203 0.359203,hi,89.0,15.0,0.0,0.0,74.0,0.0,9.0,4.0,150.0,24.004726947901133,18.69252251523196,20.010197218083466,21.227742180720035,22.65145648500116,15.281299489227472,19.1061423075754,20.257548013004225,24.106322414660383
07_11,Raw Data\07_11\07_11_test_18.csv,,Integrated Beam Prototype 3 Fast,-0.046833 -0.046833 -0.046016 -0.046016 : 0.009751 0.009751 0.048646 0.048646 : 0.451608 0.451608 0.359203 0.359203,hi,89.0,15.0,0.0,0.0,74.0,0.0,9.0,4.0,150.0,27.56483936141545,20.338251743540905,19.961485099872306,28.120312777518304,26.845165206907343,26.186401712347404,20.344199560219906,22.719951803141875,22.829140820861152
07_11,Raw Data\07_11\07_11_test_19.csv,,Integrated Beam Prototype 3 Fast,-0.046833 -0.046833 -0.046016 -0.046016 : 0.009751 0.009751 0.048646 0.048646 : 0.451608 0.451608 0.359203 0.359203,hi,89.0,15.0,0.0,0.0,74.0,0.0,9.0,4.0,150.0,-11.004309340993617,17.447247503828354,21.90563375020852,18.548245920561968,27.79581887284372,31.651456593704207,23.80326695573797,26.366248964228912,27.10512349952753
07_11,Raw Data\07_11\07_11_test_20.csv,,Integrated Beam Prototype 3 Fast,-0.046833 -0.046833 -0.046016 -0.046016 : 0.009751 0.009751 0.048646 0.048646 : 0.451608 0.451608 0.359203 0.359203,hi,89.0,15.0,0.0,0.0,74.0,0.0,9.0,4.0,150.0,19.20306476469264,-42.50233022363076,19.89031244461426,27.309311963386868,22.850114603610287,27.634998585112,16.062964419751225,27.21842467785465,11.307979854135388
07_11,Raw Data\07_11\07_11_test_21.csv,,Integrated Beam Prototype 3 Fast,-0.046833 -0.046833 -0.046016 -0.046016 : 0.009751 0.009751 0.048646 0.048646 : 0.451608 0.451608 0.359203 0.359203,hi,89.0,15.0,0.0,0.0,74.0,0.0,9.0,4.0,150.0,23.82206984053052,21.059882517282905,15.127524245182087,22.673429780992503,26.453945590010964,30.817056406092025,26.27337718947945,32.58549004715371,21.55020934696201
07_11,Raw Data\07_11\07_11_test_22.csv,,Integrated Beam Prototype 3 Fast,-0.046833 -0.046833 -0.046016 -0.046016 : 0.009751 0.009751 0.048646 0.048646 : 0.451608 0.451608 0.359203 0.359203,hi,89.0,15.0,0.0,0.0,74.0,0.0,9.0,4.0,150.0,2.831278362608344,13.17690168614499,16.973853105249805,21.9440101456478,21.97055190209588,25.24593151269975,19.690393306927053,14.43512442580438,11.830018701500782
07_11,Raw Data\07_11\07_11_test_23.csv,,Integrated Beam Prototype 3 Fast,-0.046833 -0.046833 -0.046016 -0.046016 : 0.009751 0.009751 0.048646 0.048646 : 0.451608 0.451608 0.359203 0.359203,hi,89.0,15.0,0.0,0.0,74.0,0.0,9.0,4.0,150.0,20.56065389214289,24.01179563816237,20.13833415758322,25.4939856962732,6.314980426746969,31.50092081922468,20.78594839309486,34.982881808357874,14.727884084346282
07_11,Raw Data\07_11\07_11_test_24.csv,,Integrated Beam Prototype 3 Fast,-0.046833 -0.046833 -0.046016 -0.046016 : 0.009751 0.009751 0.048646 0.048646 : 0.451608 0.451608 0.359203 0.359203,hi,89.0,15.0,0.0,0.0,74.0,0.0,9.0,4.0,150.0,18.119606714509047,17.77200400330162,25.2231890116192,24.19638884197288,23.602800172103112,29.528458603339143,30.18147940615371,34.50654236301605,25.0813433333178
07_11,Raw Data\07_11\07_11_test_25.csv,,Integrated Beam Prototype 3 Fast,-0.046833 -0.046833 -0.046016 -0.046016 : 0.009751 0.009751 0.048646 0.048646 : 0.451608 0.451608 0.359203 0.359203,hi,89.0,15.0,0.0,0.0,74.0,0.0,9.0,4.0,150.0,32.22878459857628,21.46560742179671,22.16048314356532,21.190596590941784,18.420633214417578,24.63796276727262,23.75996067665447,37.87663434395704,28.41975119407756
07_11,Raw Data\07_11\07_11_test_26.csv,,Integrated Beam Prototype 3 Fast,-0.046833 -0.046833 -0.046016 -0.046016 : 0.009751 0.009751 0.048646 0.048646 : 0.451608 0.451608 0.359203 0.359203,hi,89.0,15.0,0.0,0.0,74.0,0.0,9.0,4.0,150.0,22.100194042017403,27.17977034469405,26.52295116069614,28.39355297168586,29.613828651355465,30.310915722505364,27.40120751997766,34.85600925864831,27.880602194148658
07_11,Raw Data\07_11\07_11_test_27.csv,,Integrated Beam Prototype 3 Fast,-0.046833 -0.046833 -0.046016 -0.046016 : 0.009751 0.009751 0.048646 0.048646 : 0.451608 0.451608 0.359203 0.359203,hi,89.0,15.0,0.0,0.0,74.0,0.0,9.0,4.0,150.0,27.04058083417728,25.140167782541788,25.83583481250918,23.72621657945024,19.469432916650565,25.36216890360328,27.50765145781776,35.782943677890586,29.194449213601025
07_11,Raw Data\07_11\07_11_test_28.csv,,Integrated Beam Prototype 3 Fast,-0.046833 -0.046833 -0.046016 -0.046016 : 0.009751 0.009751 0.048646 0.048646 : 0.451608 0.451608 0.359203 0.359203,hi,89.0,15.0,0.0,0.0,74.0,0.0,9.0,4.0,150.0,24.96938089615628,14.84020672156564,15.152120884483654,36.46843493383855,23.149328432309545,26.517392300545943,25.845159951003183,35.75268170394892,21.602595688603145
07_11,Raw Data\07_11\07_11_test_29.csv,,Integrated Beam Prototype 3 Fast,-0.046833 -0.046833 -0.046016 -0.046016 : 0.009751 0.009751 0.048646 0.048646 : 0.451608 0.451608 0.359203 0.359203,hi,89.0,15.0,0.0,0.0,74.0,0.0,9.0,4.0,150.0,27.750333291190817,14.075965776468168,20.894080023791872,25.0051710555233,31.00743588460393,23.63500580055045,25.990066397570217,21.702810492710352,17.902058996125337
07_11,Raw Data\07_11\07_11_test_30.csv,,Integrated Beam Prototype 3 Fast,-0.046833 -0.046833 -0.046016 -0.046016 : 0.009751 0.009751 0.048646 0.048646 : 0.451608 0.451608 0.359203 0.359203,hi,89.0,15.0,0.0,0.0,74.0,0.0,9.0,4.0,150.0,27.0916241443268,26.2607618420564,15.793225097669607,29.19270826685813,25.96600260081089,32.32628522434284,20.03260276565964,18.30714063824928,26.92826009511842
